Trip_ID,Date,Destination,Duration_Days,Category,Subcategory,Amount_LKR,Payment_Method,Traveler_Type,Season,Rating,Month,Cost_Per_Day
TRP_014,2025-01-03,Ella,5,Food,Hotel Dining,17400,Cash,Solo,Peak,4.8,2025-01,3480.0
TRP_014,2025-01-03,Ella,5,Activities,Tickets,22600,Card,Solo,Peak,4.6,2025-01,4520.0
TRP_014,2025-01-03,Ella,5,Accommodation,Hostel,48500,Card,Solo,Peak,4.8,2025-01,9700.0
TRP_014,2025-01-03,Ella,5,Transport,Taxi,7000,Cash,Solo,Peak,4.0,2025-01,1400.0
TRP_014,2025-01-03,Ella,5,Miscellaneous,Tips,7300,Card,Solo,Peak,5.0,2025-01,1460.0
TRP_121,2025-01-04,Galle,4,Shopping,Gifts,7700,Cash,Solo,Peak,4.5,2025-01,1925.0
TRP_123,2025-01-04,Ella,2,Activities,Safari,39600,Online Transfer,Family,Peak,3.9,2025-01,19800.0
TRP_121,2025-01-04,Galle,4,Miscellaneous,Mobile Data,11800,Card,Solo,Peak,4.5,2025-01,2950.0
TRP_121,2025-01-04,Galle,4,Accommodation,Hotel,63700,Card,Solo,Peak,3.7,2025-01,15925.0
TRP_123,2025-01-04,Ella,2,Food,Cafe,25600,Cash,Family,Peak,3.3,2025-01,12800.0
TRP_123,2025-01-04,Ella,2,Shopping,Souvenirs,9900,Cash,Family,Peak,3.5,2025-01,4950.0
TRP_121,2025-01-04,Galle,4,Activities,Guided Tour,20300,Cash,Solo,Peak,3.4,2025-01,5075.0
TRP_121,2025-01-04,Galle,4,Transport,Train,9200,Online Transfer,Solo,Peak,4.9,2025-01,2300.0
TRP_123,2025-01-04,Ella,2,Accommodation,Hostel,59800,Card,Family,Peak,3.5,2025-01,29900.0
TRP_121,2025-01-04,Galle,4,Food,Restaurant,16700,Online Transfer,Solo,Peak,4.2,2025-01,4175.0
TRP_123,2025-01-04,Ella,2,Transport,Taxi,31300,Cash,Family,Peak,4.4,2025-01,15650.0
TRP_116,2025-01-15,Mirissa,4,Food,Hotel Dining,19100,Online Transfer,Family,Peak,4.1,2025-01,4775.0
TRP_116,2025-01-15,Mirissa,4,Accommodation,Guest House,42700,Card,Family,Peak,3.6,2025-01,10675.0
TRP_116,2025-01-15,Mirissa,4,Transport,Tuk Tuk,38100,Cash,Family,Peak,3.8,2025-01,9525.0
TRP_116,2025-01-15,Mirissa,4,Activities,Guided Tour,25750,Card,Family,Peak,3.9,2025-01,6437.5
TRP_116,2025-01-15,Mirissa,4,Shopping,Clothes,18800,Online Transfer,Family,Peak,5.0,2025-01,4700.0
TRP_124,2025-01-17,Colombo,1,Shopping,Local Products,14100,Cash,Solo,Peak,4.8,2025-01,14100.0
TRP_124,2025-01-17,Colombo,1,Miscellaneous,Laundry,3400,Card,Solo,Peak,4.2,2025-01,3400.0
TRP_124,2025-01-17,Colombo,1,Accommodation,Hotel,18200,Cash,Solo,Peak,3.8,2025-01,18200.0
TRP_124,2025-01-17,Colombo,1,Food,Restaurant,6000,Cash,Solo,Peak,4.4,2025-01,6000.0
TRP_124,2025-01-17,Colombo,1,Activities,Tickets,3400,Cash,Solo,Peak,3.8,2025-01,3400.0
TRP_124,2025-01-17,Colombo,1,Transport,Bus,8100,Card,Solo,Peak,4.3,2025-01,8100.0
TRP_063,2025-01-22,Ella,2,Food,Cafe,19900,Card,Family,Peak,4.3,2025-01,9950.0
TRP_063,2025-01-22,Ella,2,Accommodation,Guest House,35750,Cash,Family,Peak,3.2,2025-01,17875.0
TRP_063,2025-01-22,Ella,2,Miscellaneous,Mobile Data,13400,Online Transfer,Family,Peak,5.0,2025-01,6700.0
TRP_063,2025-01-22,Ella,2,Activities,Safari,33300,Card,Family,Peak,4.6,2025-01,16650.0
TRP_063,2025-01-22,Ella,2,Transport,Bus,24100,Cash,Family,Peak,4.3,2025-01,12050.0
TRP_063,2025-01-22,Ella,2,Shopping,Souvenirs,12300,Cash,Family,Peak,4.3,2025-01,6150.0
TRP_001,2025-01-26,Colombo,3,Activities,Museum,13200,Cash,Solo,Peak,4.7,2025-01,4400.0
TRP_001,2025-01-26,Colombo,3,Transport,Bus,5400,Cash,Solo,Peak,4.3,2025-01,1800.0
TRP_001,2025-01-26,Colombo,3,Accommodation,Hotel,62100,Card,Solo,Peak,3.4,2025-01,20700.0
TRP_001,2025-01-26,Colombo,3,Shopping,Clothes,8100,Card,Solo,Peak,3.9,2025-01,2700.0
TRP_001,2025-01-26,Colombo,3,Food,Restaurant,14200,Cash,Solo,Peak,4.3,2025-01,4733.33
TRP_034,2025-01-27,Kandy,3,Miscellaneous,Tips,12000,Cash,Couple,Peak,4.1,2025-01,4000.0
TRP_034,2025-01-27,Kandy,3,Activities,Museum,24800,Online Transfer,Couple,Peak,4.2,2025-01,8266.67
TRP_034,2025-01-27,Kandy,3,Food,Cafe,22100,Cash,Couple,Peak,3.7,2025-01,7366.67
TRP_034,2025-01-27,Kandy,3,Transport,Taxi,17400,Online Transfer,Couple,Peak,3.9,2025-01,5800.0
TRP_034,2025-01-27,Kandy,3,Accommodation,Guest House,57700,Cash,Couple,Peak,4.4,2025-01,19233.33
TRP_136,2025-02-03,Colombo,1,Shopping,Gifts,39700,Card,Family,Peak,4.0,2025-02,39700.0
TRP_136,2025-02-03,Colombo,1,Accommodation,Guest House,35100,Card,Family,Peak,4.4,2025-02,35100.0
TRP_136,2025-02-03,Colombo,1,Transport,Taxi,20500,Cash,Family,Peak,4.5,2025-02,20500.0
TRP_136,2025-02-03,Colombo,1,Food,Hotel Dining,22900,Online Transfer,Family,Peak,4.5,2025-02,22900.0
TRP_136,2025-02-03,Colombo,1,Activities,Safari,9600,Card,Family,Peak,3.7,2025-02,9600.0
TRP_114,2025-02-08,Mirissa,3,Activities,Surfing,40000,Online Transfer,Couple,Peak,4.4,2025-02,13333.33
TRP_114,2025-02-08,Mirissa,3,Accommodation,Hotel,42700,Online Transfer,Couple,Peak,3.6,2025-02,14233.33
TRP_114,2025-02-08,Mirissa,3,Transport,Bus,22300,Online Transfer,Couple,Peak,4.3,2025-02,7433.33
TRP_114,2025-02-08,Mirissa,3,Food,Hotel Dining,18200,Card,Couple,Peak,4.2,2025-02,6066.67
TRP_071,2025-02-20,Ella,2,Food,Cafe,7400,Card,Solo,Peak,4.0,2025-02,3700.0
TRP_071,2025-02-20,Ella,2,Transport,Train,7800,Cash,Solo,Peak,4.1,2025-02,3900.0
TRP_071,2025-02-20,Ella,2,Shopping,Gifts,3700,Card,Solo,Peak,4.3,2025-02,1850.0
TRP_071,2025-02-20,Ella,2,Accommodation,Hostel,17100,Cash,Solo,Peak,4.1,2025-02,8550.0
TRP_071,2025-02-20,Ella,2,Activities,Tickets,12400,Cash,Solo,Peak,4.3,2025-02,6200.0
TRP_071,2025-02-20,Ella,2,Miscellaneous,Laundry,4300,Cash,Solo,Peak,3.9,2025-02,2150.0
TRP_041,2025-02-22,Galle,3,Food,Restaurant,51900,Cash,Family,Peak,3.8,2025-02,17300.0
TRP_041,2025-02-22,Galle,3,Shopping,Souvenirs,29300,Card,Family,Peak,4.3,2025-02,9766.67
TRP_041,2025-02-22,Galle,3,Transport,Tuk Tuk,40300,Online Transfer,Family,Peak,4.3,2025-02,13433.33
TRP_041,2025-02-22,Galle,3,Activities,Tickets,44600,Online Transfer,Family,Peak,3.7,2025-02,14866.67
TRP_041,2025-02-22,Galle,3,Accommodation,Hostel,44900,Card,Family,Peak,3.9,2025-02,14966.67
TRP_072,2025-02-26,Galle,2,Food,Restaurant,6600,Cash,Solo,Peak,3.4,2025-02,3300.0
TRP_072,2025-02-26,Galle,2,Transport,Fuel,12100,Cash,Solo,Peak,5.0,2025-02,6050.0
TRP_072,2025-02-26,Galle,2,Activities,Guided Tour,11800,Card,Solo,Peak,3.6,2025-02,5900.0
TRP_072,2025-02-26,Galle,2,Accommodation,Villa,38600,Cash,Solo,Peak,3.8,2025-02,19300.0
TRP_132,2025-03-11,Colombo,3,Accommodation,Hotel,35100,Card,Solo,Peak,4.2,2025-03,11700.0
TRP_132,2025-03-11,Colombo,3,Food,Hotel Dining,13600,Card,Solo,Peak,4.9,2025-03,4533.33
TRP_132,2025-03-11,Colombo,3,Transport,Train,6600,Cash,Solo,Peak,4.1,2025-03,2200.0
TRP_132,2025-03-11,Colombo,3,Shopping,Souvenirs,8900,Card,Solo,Peak,3.6,2025-03,2966.67
TRP_132,2025-03-11,Colombo,3,Miscellaneous,Laundry,12600,Card,Solo,Peak,4.2,2025-03,4200.0
TRP_132,2025-03-11,Colombo,3,Activities,Museum,12900,Cash,Solo,Peak,4.0,2025-03,4300.0
TRP_087,2025-03-23,Kandy,2,Miscellaneous,Emergency,4800,Cash,Solo,Peak,4.9,2025-03,2400.0
TRP_093,2025-03-23,Galle,3,Shopping,Gifts,12700,Cash,Couple,Peak,4.4,2025-03,4233.33
TRP_087,2025-03-23,Kandy,2,Accommodation,Hostel,30300,Cash,Solo,Peak,3.8,2025-03,15150.0
TRP_087,2025-03-23,Kandy,2,Transport,Train,6900,Cash,Solo,Peak,3.9,2025-03,3450.0
TRP_093,2025-03-23,Galle,3,Activities,Surfing,21100,Card,Couple,Peak,4.4,2025-03,7033.33
TRP_087,2025-03-23,Kandy,2,Activities,Guided Tour,11800,Card,Solo,Peak,4.7,2025-03,5900.0
TRP_093,2025-03-23,Galle,3,Miscellaneous,Tips,9900,Cash,Couple,Peak,4.6,2025-03,3300.0
TRP_093,2025-03-23,Galle,3,Food,Hotel Dining,19400,Cash,Couple,Peak,4.0,2025-03,6466.67
TRP_093,2025-03-23,Galle,3,Accommodation,Hostel,44900,Cash,Couple,Peak,4.6,2025-03,14966.67
TRP_087,2025-03-23,Kandy,2,Food,Street Food,9200,Cash,Solo,Peak,5.0,2025-03,4600.0
TRP_093,2025-03-23,Galle,3,Transport,Train,19600,Card,Couple,Peak,3.8,2025-03,6533.33
TRP_066,2025-03-24,Nuwara Eliya,3,Accommodation,Villa,45000,Cash,Couple,Peak,2.9,2025-03,15000.0
TRP_066,2025-03-24,Nuwara Eliya,3,Miscellaneous,Mobile Data,13100,Cash,Couple,Peak,4.6,2025-03,4366.67
TRP_066,2025-03-24,Nuwara Eliya,3,Food,Street Food,20100,Card,Couple,Peak,4.8,2025-03,6700.0
TRP_066,2025-03-24,Nuwara Eliya,3,Shopping,Clothes,7900,Cash,Couple,Peak,4.1,2025-03,2633.33
TRP_066,2025-03-24,Nuwara Eliya,3,Activities,Tickets,20900,Online Transfer,Couple,Peak,3.7,2025-03,6966.67
TRP_066,2025-03-24,Nuwara Eliya,3,Transport,Tuk Tuk,16100,Cash,Couple,Peak,3.8,2025-03,5366.67
TRP_139,2025-03-26,Mirissa,4,Transport,Taxi,10800,Cash,Solo,Peak,3.6,2025-03,2700.0
TRP_139,2025-03-26,Mirissa,4,Activities,Surfing,20200,Cash,Solo,Peak,3.9,2025-03,5050.0
TRP_139,2025-03-26,Mirissa,4,Food,Restaurant,18700,Cash,Solo,Peak,4.4,2025-03,4675.0
TRP_139,2025-03-26,Mirissa,4,Miscellaneous,Emergency,8200,Card,Solo,Peak,3.9,2025-03,2050.0
TRP_139,2025-03-26,Mirissa,4,Shopping,Souvenirs,7100,Cash,Solo,Peak,4.2,2025-03,1775.0
TRP_139,2025-03-26,Mirissa,4,Accommodation,Hostel,44700,Cash,Solo,Peak,4.3,2025-03,11175.0
TRP_054,2025-04-13,Mirissa,5,Food,Street Food,19100,Cash,Solo,Off-Peak,4.0,2025-04,3820.0
TRP_054,2025-04-13,Mirissa,5,Activities,Museum,28900,Cash,Solo,Off-Peak,4.5,2025-04,5780.0
TRP_054,2025-04-13,Mirissa,5,Shopping,Clothes,3100,Cash,Solo,Off-Peak,4.4,2025-04,620.0
TRP_054,2025-04-13,Mirissa,5,Miscellaneous,Tips,12000,Card,Solo,Off-Peak,4.2,2025-04,2400.0
TRP_054,2025-04-13,Mirissa,5,Accommodation,Villa,42700,Card,Solo,Off-Peak,3.8,2025-04,8540.0
TRP_054,2025-04-13,Mirissa,5,Transport,Fuel,5500,Cash,Solo,Off-Peak,3.1,2025-04,1100.0
TRP_140,2025-04-16,Nuwara Eliya,2,Transport,Fuel,5100,Card,Solo,Off-Peak,3.9,2025-04,2550.0
TRP_140,2025-04-16,Nuwara Eliya,2,Accommodation,Villa,20000,Online Transfer,Solo,Off-Peak,4.0,2025-04,10000.0
TRP_140,2025-04-16,Nuwara Eliya,2,Miscellaneous,Mobile Data,3600,Card,Solo,Off-Peak,3.7,2025-04,1800.0
TRP_140,2025-04-16,Nuwara Eliya,2,Activities,Museum,6800,Online Transfer,Solo,Off-Peak,3.5,2025-04,3400.0
TRP_140,2025-04-16,Nuwara Eliya,2,Shopping,Clothes,4200,Card,Solo,Off-Peak,4.6,2025-04,2100.0
TRP_140,2025-04-16,Nuwara Eliya,2,Food,Restaurant,5400,Cash,Solo,Off-Peak,4.3,2025-04,2700.0
TRP_103,2025-04-19,Nuwara Eliya,3,Activities,Safari,8700,Online Transfer,Solo,Off-Peak,5.0,2025-04,2900.0
TRP_103,2025-04-19,Nuwara Eliya,3,Shopping,Local Products,4400,Cash,Solo,Off-Peak,4.2,2025-04,1466.67
TRP_103,2025-04-19,Nuwara Eliya,3,Accommodation,Guest House,46100,Cash,Solo,Off-Peak,3.7,2025-04,15366.67
TRP_103,2025-04-19,Nuwara Eliya,3,Transport,Tuk Tuk,5300,Cash,Solo,Off-Peak,3.9,2025-04,1766.67
TRP_103,2025-04-19,Nuwara Eliya,3,Food,Street Food,10500,Online Transfer,Solo,Off-Peak,4.2,2025-04,3500.0
TRP_103,2025-04-19,Nuwara Eliya,3,Miscellaneous,Mobile Data,5600,Card,Solo,Off-Peak,3.8,2025-04,1866.67
TRP_115,2025-04-20,Kandy,3,Activities,Tickets,10900,Cash,Solo,Off-Peak,4.5,2025-04,3633.33
TRP_115,2025-04-20,Kandy,3,Transport,Fuel,4900,Cash,Solo,Off-Peak,3.8,2025-04,1633.33
TRP_115,2025-04-20,Kandy,3,Food,Cafe,8700,Online Transfer,Solo,Off-Peak,5.0,2025-04,2900.0
TRP_115,2025-04-20,Kandy,3,Miscellaneous,Emergency,6500,Card,Solo,Off-Peak,4.3,2025-04,2166.67
TRP_115,2025-04-20,Kandy,3,Accommodation,Hostel,26200,Online Transfer,Solo,Off-Peak,3.3,2025-04,8733.33
TRP_069,2025-04-21,Nuwara Eliya,3,Shopping,Local Products,15300,Online Transfer,Family,Off-Peak,4.1,2025-04,5100.0
TRP_069,2025-04-21,Nuwara Eliya,3,Activities,Surfing,26700,Card,Family,Off-Peak,4.3,2025-04,8900.0
TRP_069,2025-04-21,Nuwara Eliya,3,Accommodation,Guest House,45000,Online Transfer,Family,Off-Peak,4.5,2025-04,15000.0
TRP_069,2025-04-21,Nuwara Eliya,3,Transport,Taxi,20500,Cash,Family,Off-Peak,3.7,2025-04,6833.33
TRP_069,2025-04-21,Nuwara Eliya,3,Food,Restaurant,28000,Card,Family,Off-Peak,3.0,2025-04,9333.33
TRP_049,2025-04-27,Kandy,3,Transport,Fuel,22400,Online Transfer,Family,Off-Peak,3.9,2025-04,7466.67
TRP_049,2025-04-27,Kandy,3,Miscellaneous,Mobile Data,17400,Online Transfer,Family,Off-Peak,3.9,2025-04,5800.0
TRP_049,2025-04-27,Kandy,3,Accommodation,Villa,30300,Card,Family,Off-Peak,3.9,2025-04,10100.0
TRP_049,2025-04-27,Kandy,3,Food,Street Food,27300,Cash,Family,Off-Peak,4.6,2025-04,9100.0
TRP_049,2025-04-27,Kandy,3,Shopping,Clothes,13500,Cash,Family,Off-Peak,3.6,2025-04,4500.0
TRP_049,2025-04-27,Kandy,3,Activities,Safari,26000,Card,Family,Off-Peak,4.0,2025-04,8666.67
TRP_031,2025-05-11,Sigiriya,4,Transport,Fuel,9800,Cash,Couple,Off-Peak,4.4,2025-05,2450.0
TRP_031,2025-05-11,Sigiriya,4,Miscellaneous,Mobile Data,13600,Card,Couple,Off-Peak,3.4,2025-05,3400.0
TRP_031,2025-05-11,Sigiriya,4,Food,Hotel Dining,19400,Cash,Couple,Off-Peak,4.5,2025-05,4850.0
TRP_031,2025-05-11,Sigiriya,4,Activities,Surfing,40400,Cash,Couple,Off-Peak,3.9,2025-05,10100.0
TRP_031,2025-05-11,Sigiriya,4,Accommodation,Hotel,63900,Cash,Couple,Off-Peak,4.1,2025-05,15975.0
TRP_007,2025-05-22,Arugam Bay,5,Activities,Guided Tour,16300,Card,Solo,Off-Peak,4.7,2025-05,3260.0
TRP_029,2025-05-22,Colombo,1,Shopping,Souvenirs,7800,Online Transfer,Solo,Off-Peak,4.5,2025-05,7800.0
TRP_029,2025-05-22,Colombo,1,Transport,Fuel,6500,Cash,Solo,Off-Peak,3.3,2025-05,6500.0
TRP_029,2025-05-22,Colombo,1,Activities,Guided Tour,3100,Cash,Solo,Off-Peak,4.8,2025-05,3100.0
TRP_007,2025-05-22,Arugam Bay,5,Miscellaneous,Tips,10200,Card,Solo,Off-Peak,3.8,2025-05,2040.0
TRP_029,2025-05-22,Colombo,1,Food,Street Food,4500,Card,Solo,Off-Peak,4.2,2025-05,4500.0
TRP_007,2025-05-22,Arugam Bay,5,Shopping,Souvenirs,3000,Card,Solo,Off-Peak,4.7,2025-05,600.0
TRP_029,2025-05-22,Colombo,1,Accommodation,Hotel,17500,Cash,Solo,Off-Peak,4.1,2025-05,17500.0
TRP_007,2025-05-22,Arugam Bay,5,Accommodation,Guest House,57300,Card,Solo,Off-Peak,3.8,2025-05,11460.0
TRP_007,2025-05-22,Arugam Bay,5,Food,Hotel Dining,11400,Card,Solo,Off-Peak,3.9,2025-05,2280.0
TRP_007,2025-05-22,Arugam Bay,5,Transport,Fuel,9400,Cash,Solo,Off-Peak,3.5,2025-05,1880.0
TRP_130,2025-05-30,Ella,2,Miscellaneous,Laundry,3100,Cash,Solo,Off-Peak,3.6,2025-05,1550.0
TRP_130,2025-05-30,Ella,2,Food,Cafe,4200,Cash,Solo,Off-Peak,4.7,2025-05,2100.0
TRP_130,2025-05-30,Ella,2,Transport,Fuel,7200,Card,Solo,Off-Peak,4.2,2025-05,3600.0
TRP_130,2025-05-30,Ella,2,Activities,Safari,8100,Card,Solo,Off-Peak,3.7,2025-05,4050.0
TRP_130,2025-05-30,Ella,2,Accommodation,Hostel,17700,Cash,Solo,Off-Peak,4.2,2025-05,8850.0
TRP_080,2025-06-03,Mirissa,4,Shopping,Local Products,4100,Online Transfer,Solo,Off-Peak,4.1,2025-06,1025.0
TRP_080,2025-06-03,Mirissa,4,Accommodation,Villa,49200,Online Transfer,Solo,Off-Peak,4.0,2025-06,12300.0
TRP_080,2025-06-03,Mirissa,4,Activities,Guided Tour,16700,Card,Solo,Off-Peak,3.6,2025-06,4175.0
TRP_080,2025-06-03,Mirissa,4,Food,Hotel Dining,14600,Cash,Solo,Off-Peak,3.7,2025-06,3650.0
TRP_080,2025-06-03,Mirissa,4,Transport,Train,7600,Cash,Solo,Off-Peak,4.6,2025-06,1900.0
TRP_113,2025-06-11,Colombo,2,Activities,Tickets,10450,Card,Couple,Off-Peak,4.1,2025-06,5225.0
TRP_113,2025-06-11,Colombo,2,Food,Street Food,12400,Cash,Couple,Off-Peak,4.1,2025-06,6200.0
TRP_113,2025-06-11,Colombo,2,Accommodation,Guest House,35100,Card,Couple,Off-Peak,4.5,2025-06,17550.0
TRP_113,2025-06-11,Colombo,2,Transport,Train,6800,Online Transfer,Couple,Off-Peak,4.0,2025-06,3400.0
TRP_113,2025-06-11,Colombo,2,Miscellaneous,Mobile Data,10300,Card,Couple,Off-Peak,3.7,2025-06,5150.0
TRP_028,2025-06-12,Colombo,3,Shopping,Local Products,30900,Cash,Family,Off-Peak,5.0,2025-06,10300.0
TRP_028,2025-06-12,Colombo,3,Activities,Surfing,25300,Cash,Family,Off-Peak,4.2,2025-06,8433.33
TRP_028,2025-06-12,Colombo,3,Accommodation,Villa,35100,Card,Family,Off-Peak,3.9,2025-06,11700.0
TRP_028,2025-06-12,Colombo,3,Transport,Taxi,12300,Cash,Family,Off-Peak,4.8,2025-06,4100.0
TRP_028,2025-06-12,Colombo,3,Food,Hotel Dining,38500,Card,Family,Off-Peak,4.9,2025-06,12833.33
TRP_010,2025-06-19,Nuwara Eliya,3,Shopping,Clothes,6200,Cash,Couple,Off-Peak,4.1,2025-06,2066.67
TRP_010,2025-06-19,Nuwara Eliya,3,Accommodation,Guest House,45000,Card,Couple,Off-Peak,4.1,2025-06,15000.0
TRP_010,2025-06-19,Nuwara Eliya,3,Activities,Museum,21900,Card,Couple,Off-Peak,4.3,2025-06,7300.0
TRP_010,2025-06-19,Nuwara Eliya,3,Food,Hotel Dining,19200,Online Transfer,Couple,Off-Peak,4.7,2025-06,6400.0
TRP_010,2025-06-19,Nuwara Eliya,3,Transport,Taxi,14000,Cash,Couple,Off-Peak,4.8,2025-06,4666.67
TRP_135,2025-06-25,Kandy,2,Activities,Tickets,13900,Online Transfer,Couple,Off-Peak,4.2,2025-06,6950.0
TRP_135,2025-06-25,Kandy,2,Accommodation,Hotel,29600,Online Transfer,Couple,Off-Peak,5.0,2025-06,14800.0
TRP_135,2025-06-25,Kandy,2,Transport,Tuk Tuk,13300,Card,Couple,Off-Peak,4.3,2025-06,6650.0
TRP_135,2025-06-25,Kandy,2,Food,Restaurant,9300,Cash,Couple,Off-Peak,3.7,2025-06,4650.0
TRP_135,2025-06-25,Kandy,2,Shopping,Local Products,6200,Online Transfer,Couple,Off-Peak,4.0,2025-06,3100.0
TRP_043,2025-06-27,Ella,2,Transport,Taxi,8300,Card,Solo,Off-Peak,3.6,2025-06,4150.0
TRP_043,2025-06-27,Ella,2,Accommodation,Hostel,18100,Cash,Solo,Off-Peak,4.1,2025-06,9050.0
TRP_043,2025-06-27,Ella,2,Food,Cafe,3900,Cash,Solo,Off-Peak,3.5,2025-06,1950.0
TRP_043,2025-06-27,Ella,2,Shopping,Clothes,3000,Online Transfer,Solo,Off-Peak,3.8,2025-06,1500.0
TRP_043,2025-06-27,Ella,2,Activities,Guided Tour,8700,Cash,Solo,Off-Peak,4.4,2025-06,4350.0
TRP_064,2025-06-28,Colombo,1,Accommodation,Guest House,20400,Card,Couple,Off-Peak,5.0,2025-06,20400.0
TRP_064,2025-06-28,Colombo,1,Shopping,Souvenirs,13400,Card,Couple,Off-Peak,4.3,2025-06,13400.0
TRP_064,2025-06-28,Colombo,1,Activities,Guided Tour,5300,Card,Couple,Off-Peak,3.7,2025-06,5300.0
TRP_064,2025-06-28,Colombo,1,Transport,Train,10200,Cash,Couple,Off-Peak,4.3,2025-06,10200.0
TRP_064,2025-06-28,Colombo,1,Food,Restaurant,9200,Cash,Couple,Off-Peak,4.5,2025-06,9200.0
TRP_064,2025-06-28,Colombo,1,Miscellaneous,Laundry,5100,Card,Couple,Off-Peak,4.2,2025-06,5100.0
TRP_046,2025-06-29,Mirissa,5,Transport,Fuel,10000,Cash,Couple,Off-Peak,4.2,2025-06,2000.0
TRP_046,2025-06-29,Mirissa,5,Accommodation,Hostel,42700,Card,Couple,Off-Peak,4.3,2025-06,8540.0
TRP_046,2025-06-29,Mirissa,5,Shopping,Souvenirs,6800,Online Transfer,Couple,Off-Peak,4.2,2025-06,1360.0
TRP_046,2025-06-29,Mirissa,5,Food,Hotel Dining,34300,Online Transfer,Couple,Off-Peak,4.3,2025-06,6860.0
TRP_046,2025-06-29,Mirissa,5,Miscellaneous,Laundry,15700,Cash,Couple,Off-Peak,4.4,2025-06,3140.0
TRP_046,2025-06-29,Mirissa,5,Activities,Surfing,34200,Cash,Couple,Off-Peak,4.6,2025-06,6840.0
TRP_070,2025-07-05,Galle,2,Shopping,Local Products,10600,Card,Couple,Peak,4.2,2025-07,5300.0
TRP_070,2025-07-05,Galle,2,Transport,Fuel,13800,Cash,Couple,Peak,4.2,2025-07,6900.0
TRP_070,2025-07-05,Galle,2,Accommodation,Hotel,47900,Cash,Couple,Peak,4.4,2025-07,23950.0
TRP_070,2025-07-05,Galle,2,Activities,Surfing,19600,Cash,Couple,Peak,4.2,2025-07,9800.0
TRP_070,2025-07-05,Galle,2,Miscellaneous,Tips,7800,Online Transfer,Couple,Peak,4.2,2025-07,3900.0
TRP_070,2025-07-05,Galle,2,Food,Cafe,17400,Cash,Couple,Peak,4.0,2025-07,8700.0
TRP_013,2025-07-07,Ella,4,Accommodation,Hotel,62600,Cash,Couple,Peak,3.8,2025-07,15650.0
TRP_013,2025-07-07,Ella,4,Food,Restaurant,19000,Online Transfer,Couple,Peak,4.4,2025-07,4750.0
TRP_013,2025-07-07,Ella,4,Miscellaneous,Emergency,15600,Online Transfer,Couple,Peak,4.5,2025-07,3900.0
TRP_013,2025-07-07,Ella,4,Activities,Guided Tour,42400,Card,Couple,Peak,3.9,2025-07,10600.0
TRP_013,2025-07-07,Ella,4,Transport,Bus,13700,Cash,Couple,Peak,4.2,2025-07,3425.0
TRP_051,2025-07-13,Galle,4,Shopping,Souvenirs,5700,Cash,Solo,Peak,4.3,2025-07,1425.0
TRP_051,2025-07-13,Galle,4,Food,Hotel Dining,17100,Card,Solo,Peak,3.8,2025-07,4275.0
TRP_051,2025-07-13,Galle,4,Accommodation,Hostel,64200,Cash,Solo,Peak,3.5,2025-07,16050.0
TRP_051,2025-07-13,Galle,4,Transport,Fuel,7100,Cash,Solo,Peak,3.7,2025-07,1775.0
TRP_051,2025-07-13,Galle,4,Activities,Safari,18000,Card,Solo,Peak,3.9,2025-07,4500.0
TRP_040,2025-07-18,Arugam Bay,4,Activities,Guided Tour,28500,Cash,Solo,Peak,4.4,2025-07,7125.0
TRP_040,2025-07-18,Arugam Bay,4,Miscellaneous,Emergency,10000,Card,Solo,Peak,4.9,2025-07,2500.0
TRP_040,2025-07-18,Arugam Bay,4,Food,Restaurant,14900,Card,Solo,Peak,3.6,2025-07,3725.0
TRP_040,2025-07-18,Arugam Bay,4,Shopping,Souvenirs,5100,Card,Solo,Peak,4.5,2025-07,1275.0
TRP_040,2025-07-18,Arugam Bay,4,Transport,Bus,11300,Card,Solo,Peak,3.3,2025-07,2825.0
TRP_040,2025-07-18,Arugam Bay,4,Accommodation,Guest House,48100,Cash,Solo,Peak,4.1,2025-07,12025.0
TRP_044,2025-07-22,Mirissa,5,Food,Restaurant,21900,Cash,Solo,Peak,4.3,2025-07,4380.0
TRP_044,2025-07-22,Mirissa,5,Shopping,Gifts,5200,Cash,Solo,Peak,4.3,2025-07,1040.0
TRP_044,2025-07-22,Mirissa,5,Miscellaneous,Laundry,10900,Card,Solo,Peak,4.9,2025-07,2180.0
TRP_044,2025-07-22,Mirissa,5,Transport,Taxi,12000,Card,Solo,Peak,4.9,2025-07,2400.0
TRP_044,2025-07-22,Mirissa,5,Activities,Museum,32400,Online Transfer,Solo,Peak,4.7,2025-07,6480.0
TRP_044,2025-07-22,Mirissa,5,Accommodation,Villa,42700,Online Transfer,Solo,Peak,3.8,2025-07,8540.0
TRP_026,2025-07-23,Ella,3,Shopping,Souvenirs,4300,Online Transfer,Solo,Peak,4.4,2025-07,1433.33
TRP_026,2025-07-23,Ella,3,Transport,Fuel,7400,Card,Solo,Peak,4.3,2025-07,2466.67
TRP_026,2025-07-23,Ella,3,Activities,Safari,18600,Cash,Solo,Peak,3.5,2025-07,6200.0
TRP_026,2025-07-23,Ella,3,Accommodation,Hotel,23000,Card,Solo,Peak,3.9,2025-07,7666.67
TRP_026,2025-07-23,Ella,3,Food,Cafe,8300,Card,Solo,Peak,4.9,2025-07,2766.67
TRP_026,2025-07-23,Ella,3,Miscellaneous,Tips,6300,Card,Solo,Peak,4.9,2025-07,2100.0
TRP_033,2025-07-24,Arugam Bay,2,Activities,Safari,26600,Card,Couple,Peak,3.9,2025-07,13300.0
TRP_033,2025-07-24,Arugam Bay,2,Food,Cafe,10300,Card,Couple,Peak,4.6,2025-07,5150.0
TRP_033,2025-07-24,Arugam Bay,2,Accommodation,Hotel,43300,Card,Couple,Peak,4.1,2025-07,21650.0
TRP_033,2025-07-24,Arugam Bay,2,Shopping,Souvenirs,10100,Card,Couple,Peak,5.0,2025-07,5050.0
TRP_033,2025-07-24,Arugam Bay,2,Miscellaneous,Mobile Data,8900,Online Transfer,Couple,Peak,4.7,2025-07,4450.0
TRP_033,2025-07-24,Arugam Bay,2,Transport,Taxi,23200,Card,Couple,Peak,4.1,2025-07,11600.0
TRP_037,2025-08-06,Ella,4,Accommodation,Villa,35750,Card,Family,Peak,3.8,2025-08,8937.5
TRP_037,2025-08-06,Ella,4,Food,Cafe,42900,Cash,Family,Peak,4.2,2025-08,10725.0
TRP_037,2025-08-06,Ella,4,Shopping,Gifts,15900,Cash,Family,Peak,3.5,2025-08,3975.0
TRP_037,2025-08-06,Ella,4,Transport,Fuel,21900,Card,Family,Peak,4.8,2025-08,5475.0
TRP_037,2025-08-06,Ella,4,Activities,Safari,25050,Card,Family,Peak,4.2,2025-08,6262.5
TRP_025,2025-08-07,Nuwara Eliya,4,Activities,Safari,25100,Card,Couple,Peak,3.4,2025-08,6275.0
TRP_025,2025-08-07,Nuwara Eliya,4,Accommodation,Guest House,45000,Card,Couple,Peak,3.9,2025-08,11250.0
TRP_025,2025-08-07,Nuwara Eliya,4,Food,Street Food,26400,Card,Couple,Peak,4.4,2025-08,6600.0
TRP_025,2025-08-07,Nuwara Eliya,4,Transport,Tuk Tuk,19300,Cash,Couple,Peak,4.0,2025-08,4825.0
TRP_128,2025-08-11,Ella,5,Accommodation,Hotel,44500,Cash,Solo,Peak,4.9,2025-08,8900.0
TRP_128,2025-08-11,Ella,5,Activities,Guided Tour,26100,Online Transfer,Solo,Peak,3.9,2025-08,5220.0
TRP_128,2025-08-11,Ella,5,Miscellaneous,Mobile Data,9400,Cash,Solo,Peak,4.6,2025-08,1880.0
TRP_128,2025-08-11,Ella,5,Food,Cafe,17000,Online Transfer,Solo,Peak,3.4,2025-08,3400.0
TRP_128,2025-08-11,Ella,5,Transport,Train,11700,Card,Solo,Peak,4.4,2025-08,2340.0
TRP_119,2025-08-12,Mirissa,3,Shopping,Clothes,10700,Card,Couple,Peak,3.5,2025-08,3566.67
TRP_119,2025-08-12,Mirissa,3,Food,Street Food,26600,Cash,Couple,Peak,4.8,2025-08,8866.67
TRP_119,2025-08-12,Mirissa,3,Activities,Museum,33900,Online Transfer,Couple,Peak,3.6,2025-08,11300.0
TRP_119,2025-08-12,Mirissa,3,Transport,Tuk Tuk,13700,Cash,Couple,Peak,4.1,2025-08,4566.67
TRP_119,2025-08-12,Mirissa,3,Accommodation,Hostel,42700,Card,Couple,Peak,4.2,2025-08,14233.33
TRP_100,2025-08-19,Arugam Bay,4,Food,Street Food,42700,Cash,Family,Peak,4.2,2025-08,10675.0
TRP_100,2025-08-19,Arugam Bay,4,Miscellaneous,Mobile Data,24600,Cash,Family,Peak,4.3,2025-08,6150.0
TRP_100,2025-08-19,Arugam Bay,4,Transport,Taxi,41700,Card,Family,Peak,4.5,2025-08,10425.0
TRP_100,2025-08-19,Arugam Bay,4,Accommodation,Hotel,48100,Cash,Family,Peak,4.1,2025-08,12025.0
TRP_100,2025-08-19,Arugam Bay,4,Activities,Tickets,28500,Card,Family,Peak,4.2,2025-08,7125.0
TRP_100,2025-08-19,Arugam Bay,4,Shopping,Clothes,16900,Card,Family,Peak,3.8,2025-08,4225.0
TRP_042,2025-08-20,Nuwara Eliya,4,Activities,Safari,39000,Card,Couple,Peak,4.9,2025-08,9750.0
TRP_042,2025-08-20,Nuwara Eliya,4,Accommodation,Hostel,45000,Cash,Couple,Peak,4.0,2025-08,11250.0
TRP_042,2025-08-20,Nuwara Eliya,4,Miscellaneous,Laundry,21900,Card,Couple,Peak,4.3,2025-08,5475.0
TRP_042,2025-08-20,Nuwara Eliya,4,Food,Restaurant,28000,Card,Couple,Peak,4.2,2025-08,7000.0
TRP_042,2025-08-20,Nuwara Eliya,4,Transport,Train,20000,Online Transfer,Couple,Peak,4.2,2025-08,5000.0
TRP_108,2025-08-22,Mirissa,2,Transport,Train,19700,Cash,Couple,Peak,5.0,2025-08,9850.0
TRP_108,2025-08-22,Mirissa,2,Accommodation,Hostel,46800,Cash,Couple,Peak,3.8,2025-08,23400.0
TRP_108,2025-08-22,Mirissa,2,Activities,Guided Tour,21900,Cash,Couple,Peak,3.5,2025-08,10950.0
TRP_108,2025-08-22,Mirissa,2,Shopping,Clothes,10200,Cash,Couple,Peak,3.9,2025-08,5100.0
TRP_108,2025-08-22,Mirissa,2,Miscellaneous,Mobile Data,11900,Cash,Couple,Peak,4.4,2025-08,5950.0
TRP_108,2025-08-22,Mirissa,2,Food,Cafe,19400,Cash,Couple,Peak,3.5,2025-08,9700.0
TRP_011,2025-08-24,Galle,4,Shopping,Clothes,6500,Card,Solo,Peak,4.1,2025-08,1625.0
TRP_011,2025-08-24,Galle,4,Food,Restaurant,21700,Online Transfer,Solo,Peak,3.0,2025-08,5425.0
TRP_011,2025-08-24,Galle,4,Transport,Train,8300,Card,Solo,Peak,4.4,2025-08,2075.0
TRP_011,2025-08-24,Galle,4,Miscellaneous,Emergency,10600,Cash,Solo,Peak,3.8,2025-08,2650.0
TRP_011,2025-08-24,Galle,4,Activities,Surfing,15600,Card,Solo,Peak,4.4,2025-08,3900.0
TRP_011,2025-08-24,Galle,4,Accommodation,Guest House,60400,Cash,Solo,Peak,3.7,2025-08,15100.0
TRP_086,2025-08-30,Nuwara Eliya,3,Transport,Bus,26600,Cash,Family,Peak,3.8,2025-08,8866.67
TRP_086,2025-08-30,Nuwara Eliya,3,Activities,Guided Tour,40100,Card,Family,Peak,3.3,2025-08,13366.67
TRP_086,2025-08-30,Nuwara Eliya,3,Shopping,Clothes,19500,Card,Family,Peak,3.7,2025-08,6500.0
TRP_086,2025-08-30,Nuwara Eliya,3,Miscellaneous,Emergency,20100,Cash,Family,Peak,4.1,2025-08,6700.0
TRP_086,2025-08-30,Nuwara Eliya,3,Food,Street Food,34300,Card,Family,Peak,4.1,2025-08,11433.33
TRP_086,2025-08-30,Nuwara Eliya,3,Accommodation,Hotel,45000,Online Transfer,Family,Peak,3.1,2025-08,15000.0
TRP_083,2025-09-01,Colombo,2,Food,Street Food,11300,Online Transfer,Couple,Off-Peak,3.7,2025-09,5650.0
TRP_083,2025-09-01,Colombo,2,Accommodation,Guest House,44000,Card,Couple,Off-Peak,4.4,2025-09,22000.0
TRP_083,2025-09-01,Colombo,2,Transport,Fuel,10300,Online Transfer,Couple,Off-Peak,4.8,2025-09,5150.0
TRP_083,2025-09-01,Colombo,2,Activities,Safari,7500,Cash,Couple,Off-Peak,4.4,2025-09,3750.0
TRP_055,2025-09-04,Galle,3,Accommodation,Villa,44900,Card,Family,Off-Peak,3.6,2025-09,14966.67
TRP_055,2025-09-04,Galle,3,Transport,Fuel,28200,Online Transfer,Family,Off-Peak,5.0,2025-09,9400.0
TRP_055,2025-09-04,Galle,3,Activities,Museum,30100,Cash,Family,Off-Peak,4.9,2025-09,10033.33
TRP_055,2025-09-04,Galle,3,Shopping,Gifts,19200,Online Transfer,Family,Off-Peak,3.9,2025-09,6400.0
TRP_055,2025-09-04,Galle,3,Food,Restaurant,34800,Online Transfer,Family,Off-Peak,4.0,2025-09,11600.0
TRP_055,2025-09-04,Galle,3,Miscellaneous,Laundry,17400,Card,Family,Off-Peak,3.7,2025-09,5800.0
TRP_005,2025-09-08,Ella,3,Food,Restaurant,10600,Cash,Couple,Off-Peak,4.7,2025-09,3533.33
TRP_005,2025-09-08,Ella,3,Shopping,Clothes,3800,Online Transfer,Couple,Off-Peak,3.7,2025-09,1266.67
TRP_005,2025-09-08,Ella,3,Transport,Train,14700,Online Transfer,Couple,Off-Peak,4.3,2025-09,4900.0
TRP_005,2025-09-08,Ella,3,Accommodation,Guest House,35400,Card,Couple,Off-Peak,5.0,2025-09,11800.0
TRP_005,2025-09-08,Ella,3,Activities,Guided Tour,25900,Cash,Couple,Off-Peak,4.6,2025-09,8633.33
TRP_021,2025-09-12,Nuwara Eliya,3,Accommodation,Hotel,39500,Online Transfer,Solo,Off-Peak,4.0,2025-09,13166.67
TRP_117,2025-09-12,Nuwara Eliya,2,Activities,Tickets,7400,Card,Solo,Off-Peak,4.5,2025-09,3700.0
TRP_021,2025-09-12,Nuwara Eliya,3,Food,Cafe,11300,Cash,Solo,Off-Peak,4.5,2025-09,3766.67
TRP_021,2025-09-12,Nuwara Eliya,3,Activities,Safari,10900,Cash,Solo,Off-Peak,4.7,2025-09,3633.33
TRP_021,2025-09-12,Nuwara Eliya,3,Shopping,Clothes,4500,Cash,Solo,Off-Peak,4.2,2025-09,1500.0
TRP_117,2025-09-12,Nuwara Eliya,2,Transport,Taxi,7500,Card,Solo,Off-Peak,3.7,2025-09,3750.0
TRP_021,2025-09-12,Nuwara Eliya,3,Miscellaneous,Laundry,6000,Online Transfer,Solo,Off-Peak,3.8,2025-09,2000.0
TRP_117,2025-09-12,Nuwara Eliya,2,Shopping,Gifts,3700,Cash,Solo,Off-Peak,3.9,2025-09,1850.0
TRP_021,2025-09-12,Nuwara Eliya,3,Transport,Fuel,5200,Cash,Solo,Off-Peak,5.0,2025-09,1733.33
TRP_117,2025-09-12,Nuwara Eliya,2,Food,Restaurant,7500,Cash,Solo,Off-Peak,4.2,2025-09,3750.0
TRP_117,2025-09-12,Nuwara Eliya,2,Accommodation,Villa,30900,Cash,Solo,Off-Peak,4.0,2025-09,15450.0
TRP_020,2025-09-13,Ella,2,Shopping,Local Products,6000,Card,Couple,Off-Peak,3.8,2025-09,3000.0
TRP_020,2025-09-13,Ella,2,Food,Cafe,10900,Online Transfer,Couple,Off-Peak,4.5,2025-09,5450.0
TRP_020,2025-09-13,Ella,2,Transport,Bus,14600,Online Transfer,Couple,Off-Peak,4.0,2025-09,7300.0
TRP_020,2025-09-13,Ella,2,Accommodation,Guest House,28700,Online Transfer,Couple,Off-Peak,4.1,2025-09,14350.0
TRP_020,2025-09-13,Ella,2,Activities,Tickets,13000,Cash,Couple,Off-Peak,4.5,2025-09,6500.0
TRP_056,2025-09-14,Nuwara Eliya,3,Accommodation,Hostel,45000,Cash,Family,Off-Peak,3.7,2025-09,15000.0
TRP_056,2025-09-14,Nuwara Eliya,3,Activities,Surfing,32300,Cash,Family,Off-Peak,4.3,2025-09,10766.67
TRP_056,2025-09-14,Nuwara Eliya,3,Transport,Tuk Tuk,19100,Cash,Family,Off-Peak,3.7,2025-09,6366.67
TRP_056,2025-09-14,Nuwara Eliya,3,Shopping,Gifts,12900,Cash,Family,Off-Peak,4.1,2025-09,4300.0
TRP_056,2025-09-14,Nuwara Eliya,3,Miscellaneous,Tips,13600,Online Transfer,Family,Off-Peak,4.0,2025-09,4533.33
TRP_056,2025-09-14,Nuwara Eliya,3,Food,Hotel Dining,30900,Card,Family,Off-Peak,4.1,2025-09,10300.0
TRP_060,2025-09-26,Colombo,3,Food,Street Food,25500,Online Transfer,Couple,Off-Peak,3.5,2025-09,8500.0
TRP_060,2025-09-26,Colombo,3,Activities,Guided Tour,13900,Online Transfer,Couple,Off-Peak,4.6,2025-09,4633.33
TRP_060,2025-09-26,Colombo,3,Miscellaneous,Tips,9700,Cash,Couple,Off-Peak,4.3,2025-09,3233.33
TRP_060,2025-09-26,Colombo,3,Accommodation,Guest House,35100,Card,Couple,Off-Peak,2.9,2025-09,11700.0
TRP_060,2025-09-26,Colombo,3,Transport,Bus,11200,Card,Couple,Off-Peak,4.2,2025-09,3733.33
TRP_060,2025-09-26,Colombo,3,Shopping,Local Products,15100,Card,Couple,Off-Peak,4.2,2025-09,5033.33
TRP_003,2025-09-28,Sigiriya,2,Food,Street Food,8300,Online Transfer,Couple,Off-Peak,4.5,2025-09,4150.0
TRP_105,2025-09-28,Nuwara Eliya,4,Accommodation,Hotel,45000,Card,Couple,Off-Peak,3.5,2025-09,11250.0
TRP_003,2025-09-28,Sigiriya,2,Accommodation,Hostel,29000,Cash,Couple,Off-Peak,3.9,2025-09,14500.0
TRP_105,2025-09-28,Nuwara Eliya,4,Transport,Taxi,14400,Cash,Couple,Off-Peak,4.4,2025-09,3600.0
TRP_105,2025-09-28,Nuwara Eliya,4,Shopping,Local Products,8200,Online Transfer,Couple,Off-Peak,4.7,2025-09,2050.0
TRP_105,2025-09-28,Nuwara Eliya,4,Activities,Museum,26700,Card,Couple,Off-Peak,3.9,2025-09,6675.0
TRP_003,2025-09-28,Sigiriya,2,Transport,Tuk Tuk,11800,Online Transfer,Couple,Off-Peak,4.3,2025-09,5900.0
TRP_105,2025-09-28,Nuwara Eliya,4,Food,Cafe,15500,Cash,Couple,Off-Peak,5.0,2025-09,3875.0
TRP_105,2025-09-28,Nuwara Eliya,4,Miscellaneous,Tips,9600,Cash,Couple,Off-Peak,4.3,2025-09,2400.0
TRP_003,2025-09-28,Sigiriya,2,Shopping,Souvenirs,4000,Cash,Couple,Off-Peak,3.9,2025-09,2000.0
TRP_003,2025-09-28,Sigiriya,2,Activities,Surfing,14000,Card,Couple,Off-Peak,4.0,2025-09,7000.0
TRP_008,2025-10-01,Nuwara Eliya,4,Shopping,Local Products,4000,Online Transfer,Solo,Off-Peak,4.0,2025-10,1000.0
TRP_008,2025-10-01,Nuwara Eliya,4,Activities,Tickets,13600,Online Transfer,Solo,Off-Peak,4.4,2025-10,3400.0
TRP_008,2025-10-01,Nuwara Eliya,4,Accommodation,Hotel,62300,Online Transfer,Solo,Off-Peak,3.4,2025-10,15575.0
TRP_008,2025-10-01,Nuwara Eliya,4,Food,Street Food,13600,Online Transfer,Solo,Off-Peak,4.2,2025-10,3400.0
TRP_008,2025-10-01,Nuwara Eliya,4,Miscellaneous,Mobile Data,5600,Cash,Solo,Off-Peak,4.2,2025-10,1400.0
TRP_008,2025-10-01,Nuwara Eliya,4,Transport,Bus,7800,Card,Solo,Off-Peak,4.9,2025-10,1950.0
TRP_112,2025-10-05,Sigiriya,4,Transport,Train,12600,Cash,Couple,Off-Peak,3.6,2025-10,3150.0
TRP_112,2025-10-05,Sigiriya,4,Shopping,Souvenirs,5200,Card,Couple,Off-Peak,4.8,2025-10,1300.0
TRP_112,2025-10-05,Sigiriya,4,Activities,Surfing,27900,Card,Couple,Off-Peak,4.6,2025-10,6975.0
TRP_112,2025-10-05,Sigiriya,4,Accommodation,Guest House,53750,Cash,Couple,Off-Peak,4.0,2025-10,13437.5
TRP_112,2025-10-05,Sigiriya,4,Miscellaneous,Mobile Data,12700,Cash,Couple,Off-Peak,4.4,2025-10,3175.0
TRP_112,2025-10-05,Sigiriya,4,Food,Cafe,15900,Card,Couple,Off-Peak,4.5,2025-10,3975.0
TRP_022,2025-10-13,Arugam Bay,4,Food,Restaurant,24100,Online Transfer,Couple,Off-Peak,4.3,2025-10,6025.0
TRP_022,2025-10-13,Arugam Bay,4,Accommodation,Villa,61300,Online Transfer,Couple,Off-Peak,4.5,2025-10,15325.0
TRP_022,2025-10-13,Arugam Bay,4,Activities,Surfing,30600,Cash,Couple,Off-Peak,4.8,2025-10,7650.0
TRP_022,2025-10-13,Arugam Bay,4,Shopping,Gifts,6300,Cash,Couple,Off-Peak,4.2,2025-10,1575.0
TRP_022,2025-10-13,Arugam Bay,4,Transport,Taxi,16800,Cash,Couple,Off-Peak,4.3,2025-10,4200.0
TRP_018,2025-10-16,Ella,3,Accommodation,Villa,33700,Card,Couple,Off-Peak,3.8,2025-10,11233.33
TRP_018,2025-10-16,Ella,3,Activities,Guided Tour,22700,Online Transfer,Couple,Off-Peak,3.8,2025-10,7566.67
TRP_018,2025-10-16,Ella,3,Shopping,Souvenirs,4600,Cash,Couple,Off-Peak,4.3,2025-10,1533.33
TRP_018,2025-10-16,Ella,3,Miscellaneous,Mobile Data,6400,Card,Couple,Off-Peak,4.6,2025-10,2133.33
TRP_018,2025-10-16,Ella,3,Food,Street Food,11600,Online Transfer,Couple,Off-Peak,4.5,2025-10,3866.67
TRP_018,2025-10-16,Ella,3,Transport,Train,13900,Cash,Couple,Off-Peak,4.8,2025-10,4633.33
TRP_057,2025-10-21,Mirissa,3,Shopping,Local Products,6300,Card,Couple,Off-Peak,4.3,2025-10,2100.0
TRP_057,2025-10-21,Mirissa,3,Accommodation,Villa,41000,Card,Couple,Off-Peak,4.2,2025-10,13666.67
TRP_057,2025-10-21,Mirissa,3,Food,Cafe,18100,Card,Couple,Off-Peak,4.5,2025-10,6033.33
TRP_057,2025-10-21,Mirissa,3,Miscellaneous,Tips,8500,Online Transfer,Couple,Off-Peak,4.2,2025-10,2833.33
TRP_057,2025-10-21,Mirissa,3,Transport,Train,14400,Cash,Couple,Off-Peak,3.9,2025-10,4800.0
TRP_057,2025-10-21,Mirissa,3,Activities,Guided Tour,22600,Cash,Couple,Off-Peak,5.0,2025-10,7533.33
TRP_004,2025-10-24,Ella,2,Activities,Surfing,18600,Card,Family,Off-Peak,4.1,2025-10,9300.0
TRP_004,2025-10-24,Ella,2,Accommodation,Hostel,37300,Card,Family,Off-Peak,4.6,2025-10,18650.0
TRP_004,2025-10-24,Ella,2,Miscellaneous,Tips,9900,Card,Family,Off-Peak,4.4,2025-10,4950.0
TRP_004,2025-10-24,Ella,2,Transport,Taxi,21100,Cash,Family,Off-Peak,4.1,2025-10,10550.0
TRP_004,2025-10-24,Ella,2,Food,Street Food,17400,Cash,Family,Off-Peak,3.7,2025-10,8700.0
TRP_097,2025-10-25,Mirissa,4,Activities,Safari,55600,Card,Family,Off-Peak,3.3,2025-10,13900.0
TRP_097,2025-10-25,Mirissa,4,Shopping,Souvenirs,14800,Cash,Family,Off-Peak,4.1,2025-10,3700.0
TRP_097,2025-10-25,Mirissa,4,Transport,Bus,29500,Card,Family,Off-Peak,4.0,2025-10,7375.0
TRP_097,2025-10-25,Mirissa,4,Accommodation,Guest House,42700,Card,Family,Off-Peak,3.0,2025-10,10675.0
TRP_097,2025-10-25,Mirissa,4,Food,Cafe,44100,Cash,Family,Off-Peak,3.4,2025-10,11025.0
TRP_038,2025-10-29,Kandy,2,Food,Street Food,7800,Cash,Couple,Off-Peak,4.2,2025-10,3900.0
TRP_038,2025-10-29,Kandy,2,Activities,Guided Tour,8800,Cash,Couple,Off-Peak,4.4,2025-10,4400.0
TRP_038,2025-10-29,Kandy,2,Shopping,Local Products,7500,Cash,Couple,Off-Peak,4.2,2025-10,3750.0
TRP_038,2025-10-29,Kandy,2,Transport,Tuk Tuk,13800,Cash,Couple,Off-Peak,4.6,2025-10,6900.0
TRP_038,2025-10-29,Kandy,2,Accommodation,Villa,38000,Card,Couple,Off-Peak,3.8,2025-10,19000.0
TRP_110,2025-11-02,Ella,3,Food,Hotel Dining,21700,Cash,Family,Off-Peak,3.7,2025-11,7233.33
TRP_110,2025-11-02,Ella,3,Accommodation,Guest House,35750,Card,Family,Off-Peak,4.4,2025-11,11916.67
TRP_110,2025-11-02,Ella,3,Transport,Taxi,19900,Card,Family,Off-Peak,4.3,2025-11,6633.33
TRP_110,2025-11-02,Ella,3,Activities,Surfing,48300,Cash,Family,Off-Peak,4.6,2025-11,16100.0
TRP_107,2025-11-03,Arugam Bay,4,Shopping,Souvenirs,6500,Card,Couple,Off-Peak,4.2,2025-11,1625.0
TRP_107,2025-11-03,Arugam Bay,4,Accommodation,Villa,48100,Card,Couple,Off-Peak,3.9,2025-11,12025.0
TRP_107,2025-11-03,Arugam Bay,4,Miscellaneous,Laundry,15100,Online Transfer,Couple,Off-Peak,3.4,2025-11,3775.0
TRP_107,2025-11-03,Arugam Bay,4,Activities,Museum,23000,Cash,Couple,Off-Peak,4.7,2025-11,5750.0
TRP_107,2025-11-03,Arugam Bay,4,Food,Restaurant,17300,Cash,Couple,Off-Peak,3.7,2025-11,4325.0
TRP_107,2025-11-03,Arugam Bay,4,Transport,Train,15000,Online Transfer,Couple,Off-Peak,4.5,2025-11,3750.0
TRP_061,2025-11-08,Arugam Bay,5,Miscellaneous,Laundry,8100,Cash,Solo,Off-Peak,4.9,2025-11,1620.0
TRP_061,2025-11-08,Arugam Bay,5,Accommodation,Hostel,44900,Card,Solo,Off-Peak,4.5,2025-11,8980.0
TRP_061,2025-11-08,Arugam Bay,5,Shopping,Gifts,3000,Online Transfer,Solo,Off-Peak,4.4,2025-11,600.0
TRP_061,2025-11-08,Arugam Bay,5,Activities,Tickets,26600,Online Transfer,Solo,Off-Peak,4.0,2025-11,5320.0
TRP_061,2025-11-08,Arugam Bay,5,Transport,Bus,7900,Online Transfer,Solo,Off-Peak,4.8,2025-11,1580.0
TRP_061,2025-11-08,Arugam Bay,5,Food,Hotel Dining,11600,Card,Solo,Off-Peak,4.4,2025-11,2320.0
TRP_091,2025-11-14,Galle,4,Miscellaneous,Laundry,13700,Cash,Couple,Off-Peak,3.7,2025-11,3425.0
TRP_091,2025-11-14,Galle,4,Accommodation,Hotel,44900,Card,Couple,Off-Peak,3.9,2025-11,11225.0
TRP_091,2025-11-14,Galle,4,Activities,Surfing,29800,Cash,Couple,Off-Peak,4.8,2025-11,7450.0
TRP_091,2025-11-14,Galle,4,Transport,Train,13100,Online Transfer,Couple,Off-Peak,3.8,2025-11,3275.0
TRP_091,2025-11-14,Galle,4,Food,Cafe,25600,Cash,Couple,Off-Peak,2.6,2025-11,6400.0
TRP_006,2025-11-19,Colombo,1,Accommodation,Hostel,24400,Cash,Couple,Off-Peak,3.5,2025-11,24400.0
TRP_006,2025-11-19,Colombo,1,Transport,Tuk Tuk,9300,Card,Couple,Off-Peak,3.8,2025-11,9300.0
TRP_006,2025-11-19,Colombo,1,Shopping,Gifts,15900,Cash,Couple,Off-Peak,4.6,2025-11,15900.0
TRP_006,2025-11-19,Colombo,1,Food,Cafe,8800,Cash,Couple,Off-Peak,3.6,2025-11,8800.0
TRP_006,2025-11-19,Colombo,1,Activities,Museum,3900,Cash,Couple,Off-Peak,4.5,2025-11,3900.0
TRP_039,2025-11-20,Mirissa,2,Transport,Tuk Tuk,13200,Online Transfer,Couple,Off-Peak,4.2,2025-11,6600.0
TRP_016,2025-11-20,Colombo,2,Food,Street Food,10000,Card,Solo,Off-Peak,4.8,2025-11,5000.0
TRP_039,2025-11-20,Mirissa,2,Accommodation,Guest House,39100,Cash,Couple,Off-Peak,4.0,2025-11,19550.0
TRP_016,2025-11-20,Colombo,2,Miscellaneous,Mobile Data,5300,Card,Solo,Off-Peak,4.5,2025-11,2650.0
TRP_039,2025-11-20,Mirissa,2,Food,Hotel Dining,11700,Cash,Couple,Off-Peak,5.0,2025-11,5850.0
TRP_016,2025-11-20,Colombo,2,Transport,Train,4400,Cash,Solo,Off-Peak,5.0,2025-11,2200.0
TRP_039,2025-11-20,Mirissa,2,Activities,Museum,17000,Card,Couple,Off-Peak,4.6,2025-11,8500.0
TRP_016,2025-11-20,Colombo,2,Shopping,Souvenirs,7300,Cash,Solo,Off-Peak,4.7,2025-11,3650.0
TRP_016,2025-11-20,Colombo,2,Accommodation,Hostel,35100,Cash,Solo,Off-Peak,4.5,2025-11,17550.0
TRP_016,2025-11-20,Colombo,2,Activities,Museum,4400,Online Transfer,Solo,Off-Peak,3.6,2025-11,2200.0
TRP_125,2025-11-25,Mirissa,3,Food,Street Food,9900,Cash,Solo,Off-Peak,4.3,2025-11,3300.0
TRP_125,2025-11-25,Mirissa,3,Transport,Tuk Tuk,8500,Online Transfer,Solo,Off-Peak,4.1,2025-11,2833.33
TRP_125,2025-11-25,Mirissa,3,Shopping,Gifts,4200,Card,Solo,Off-Peak,4.7,2025-11,1400.0
TRP_125,2025-11-25,Mirissa,3,Activities,Safari,11400,Card,Solo,Off-Peak,4.4,2025-11,3800.0
TRP_125,2025-11-25,Mirissa,3,Accommodation,Guest House,23000,Cash,Solo,Off-Peak,4.4,2025-11,7666.67
TRP_129,2025-11-26,Ella,4,Activities,Surfing,24200,Online Transfer,Couple,Off-Peak,3.7,2025-11,6050.0
TRP_129,2025-11-26,Ella,4,Miscellaneous,Tips,7500,Card,Couple,Off-Peak,3.9,2025-11,1875.0
TRP_129,2025-11-26,Ella,4,Shopping,Local Products,4600,Cash,Couple,Off-Peak,3.9,2025-11,1150.0
TRP_129,2025-11-26,Ella,4,Accommodation,Villa,35750,Cash,Couple,Off-Peak,4.4,2025-11,8937.5
TRP_129,2025-11-26,Ella,4,Food,Hotel Dining,13500,Card,Couple,Off-Peak,4.3,2025-11,3375.0
TRP_129,2025-11-26,Ella,4,Transport,Fuel,12100,Card,Couple,Off-Peak,4.0,2025-11,3025.0
TRP_138,2025-12-01,Galle,2,Food,Hotel Dining,12800,Cash,Couple,Peak,4.2,2025-12,6400.0
TRP_024,2025-12-01,Colombo,2,Miscellaneous,Laundry,12400,Card,Couple,Peak,5.0,2025-12,6200.0
TRP_024,2025-12-01,Colombo,2,Food,Cafe,20900,Card,Couple,Peak,4.0,2025-12,10450.0
TRP_138,2025-12-01,Galle,2,Transport,Tuk Tuk,15900,Card,Couple,Peak,4.4,2025-12,7950.0
TRP_024,2025-12-01,Colombo,2,Transport,Taxi,14600,Cash,Couple,Peak,4.4,2025-12,7300.0
TRP_024,2025-12-01,Colombo,2,Accommodation,Hostel,57100,Card,Couple,Peak,3.5,2025-12,28550.0
TRP_024,2025-12-01,Colombo,2,Activities,Tickets,10500,Cash,Couple,Peak,3.6,2025-12,5250.0
TRP_138,2025-12-01,Galle,2,Accommodation,Guest House,44900,Cash,Couple,Peak,3.1,2025-12,22450.0
TRP_138,2025-12-01,Galle,2,Activities,Tickets,16800,Card,Couple,Peak,4.2,2025-12,8400.0
TRP_024,2025-12-01,Colombo,2,Shopping,Clothes,14500,Cash,Couple,Peak,5.0,2025-12,7250.0
TRP_138,2025-12-01,Galle,2,Miscellaneous,Laundry,8200,Card,Couple,Peak,2.9,2025-12,4100.0
TRP_120,2025-12-02,Ella,5,Accommodation,Hotel,49200,Online Transfer,Solo,Peak,3.5,2025-12,9840.0
TRP_120,2025-12-02,Ella,5,Transport,Fuel,7800,Cash,Solo,Peak,4.3,2025-12,1560.0
TRP_120,2025-12-02,Ella,5,Food,Hotel Dining,15800,Online Transfer,Solo,Peak,4.1,2025-12,3160.0
TRP_120,2025-12-02,Ella,5,Miscellaneous,Laundry,11900,Card,Solo,Peak,3.9,2025-12,2380.0
TRP_120,2025-12-02,Ella,5,Activities,Guided Tour,30200,Card,Solo,Peak,3.9,2025-12,6040.0
TRP_120,2025-12-02,Ella,5,Shopping,Souvenirs,4200,Card,Solo,Peak,3.2,2025-12,840.0
TRP_068,2025-12-04,Colombo,3,Shopping,Clothes,8400,Cash,Solo,Peak,3.7,2025-12,2800.0
TRP_068,2025-12-04,Colombo,3,Transport,Tuk Tuk,5900,Cash,Solo,Peak,4.3,2025-12,1966.67
TRP_068,2025-12-04,Colombo,3,Activities,Tickets,8700,Card,Solo,Peak,5.0,2025-12,2900.0
TRP_068,2025-12-04,Colombo,3,Accommodation,Hostel,35100,Online Transfer,Solo,Peak,4.0,2025-12,11700.0
TRP_068,2025-12-04,Colombo,3,Food,Restaurant,14800,Online Transfer,Solo,Peak,4.1,2025-12,4933.33
TRP_052,2025-12-06,Arugam Bay,2,Accommodation,Hostel,48100,Cash,Family,Peak,4.3,2025-12,24050.0
TRP_052,2025-12-06,Arugam Bay,2,Food,Cafe,30300,Cash,Family,Peak,3.8,2025-12,15150.0
TRP_052,2025-12-06,Arugam Bay,2,Miscellaneous,Laundry,14700,Online Transfer,Family,Peak,4.8,2025-12,7350.0
TRP_052,2025-12-06,Arugam Bay,2,Transport,Bus,35200,Cash,Family,Peak,4.2,2025-12,17600.0
TRP_052,2025-12-06,Arugam Bay,2,Activities,Surfing,40600,Cash,Family,Peak,4.0,2025-12,20300.0
TRP_052,2025-12-06,Arugam Bay,2,Shopping,Gifts,11600,Card,Family,Peak,4.9,2025-12,5800.0
TRP_101,2025-12-12,Colombo,3,Miscellaneous,Laundry,8200,Card,Solo,Peak,3.9,2025-12,2733.33
TRP_101,2025-12-12,Colombo,3,Activities,Museum,11300,Cash,Solo,Peak,3.9,2025-12,3766.67
TRP_101,2025-12-12,Colombo,3,Transport,Train,5600,Card,Solo,Peak,4.4,2025-12,1866.67
TRP_101,2025-12-12,Colombo,3,Accommodation,Villa,35100,Card,Solo,Peak,4.5,2025-12,11700.0
TRP_101,2025-12-12,Colombo,3,Food,Hotel Dining,17500,Card,Solo,Peak,4.4,2025-12,5833.33
TRP_090,2025-12-13,Galle,4,Miscellaneous,Mobile Data,11800,Online Transfer,Solo,Peak,3.8,2025-12,2950.0
TRP_059,2025-12-13,Galle,2,Activities,Guided Tour,20600,Cash,Couple,Peak,4.6,2025-12,10300.0
TRP_090,2025-12-13,Galle,4,Transport,Fuel,7500,Cash,Solo,Peak,3.4,2025-12,1875.0
TRP_090,2025-12-13,Galle,4,Activities,Safari,17200,Cash,Solo,Peak,3.6,2025-12,4300.0
TRP_059,2025-12-13,Galle,2,Accommodation,Guest House,44500,Online Transfer,Couple,Peak,4.4,2025-12,22250.0
TRP_059,2025-12-13,Galle,2,Transport,Tuk Tuk,15800,Cash,Couple,Peak,4.1,2025-12,7900.0
TRP_090,2025-12-13,Galle,4,Accommodation,Hostel,44900,Card,Solo,Peak,4.1,2025-12,11225.0
TRP_059,2025-12-13,Galle,2,Shopping,Souvenirs,12200,Card,Couple,Peak,3.9,2025-12,6100.0
TRP_059,2025-12-13,Galle,2,Food,Hotel Dining,16300,Online Transfer,Couple,Peak,4.7,2025-12,8150.0
TRP_090,2025-12-13,Galle,4,Food,Cafe,18900,Cash,Solo,Peak,4.7,2025-12,4725.0
TRP_126,2025-12-19,Kandy,4,Food,Street Food,23600,Cash,Couple,Peak,4.5,2025-12,5900.0
TRP_126,2025-12-19,Kandy,4,Activities,Safari,38100,Cash,Couple,Peak,5.0,2025-12,9525.0
TRP_126,2025-12-19,Kandy,4,Miscellaneous,Mobile Data,12700,Online Transfer,Couple,Peak,3.8,2025-12,3175.0
TRP_126,2025-12-19,Kandy,4,Transport,Tuk Tuk,13000,Card,Couple,Peak,3.9,2025-12,3250.0
TRP_126,2025-12-19,Kandy,4,Accommodation,Hostel,30300,Cash,Couple,Peak,3.8,2025-12,7575.0
TRP_017,2025-12-24,Kandy,2,Food,Restaurant,19000,Card,Family,Peak,4.3,2025-12,9500.0
TRP_017,2025-12-24,Kandy,2,Transport,Tuk Tuk,19600,Cash,Family,Peak,4.6,2025-12,9800.0
TRP_075,2025-12-24,Ella,4,Accommodation,Guest House,53300,Cash,Couple,Peak,3.2,2025-12,13325.0
TRP_075,2025-12-24,Ella,4,Food,Street Food,24600,Cash,Couple,Peak,4.4,2025-12,6150.0
TRP_017,2025-12-24,Kandy,2,Miscellaneous,Tips,16400,Card,Family,Peak,4.5,2025-12,8200.0
TRP_017,2025-12-24,Kandy,2,Shopping,Clothes,21000,Cash,Family,Peak,3.7,2025-12,10500.0
TRP_017,2025-12-24,Kandy,2,Activities,Tickets,22700,Online Transfer,Family,Peak,4.3,2025-12,11350.0
TRP_075,2025-12-24,Ella,4,Activities,Tickets,27800,Cash,Couple,Peak,4.4,2025-12,6950.0
TRP_017,2025-12-24,Kandy,2,Accommodation,Villa,60800,Card,Family,Peak,4.4,2025-12,30400.0
TRP_075,2025-12-24,Ella,4,Transport,Tuk Tuk,17500,Cash,Couple,Peak,4.0,2025-12,4375.0
TRP_073,2025-12-29,Ella,2,Transport,Tuk Tuk,15200,Cash,Couple,Peak,3.6,2025-12,7600.0
TRP_073,2025-12-29,Ella,2,Food,Street Food,12600,Card,Couple,Peak,4.5,2025-12,6300.0
TRP_073,2025-12-29,Ella,2,Shopping,Gifts,8700,Cash,Couple,Peak,4.0,2025-12,4350.0
TRP_073,2025-12-29,Ella,2,Activities,Guided Tour,19900,Cash,Couple,Peak,3.4,2025-12,9950.0
TRP_073,2025-12-29,Ella,2,Miscellaneous,Laundry,7900,Cash,Couple,Peak,4.6,2025-12,3950.0
TRP_073,2025-12-29,Ella,2,Accommodation,Hostel,34200,Online Transfer,Couple,Peak,3.8,2025-12,17100.0
TRP_094,2026-01-08,Colombo,3,Transport,Train,23600,Cash,Family,Peak,3.6,2026-01,7866.67
TRP_094,2026-01-08,Colombo,3,Shopping,Souvenirs,36500,Card,Family,Peak,4.0,2026-01,12166.67
TRP_094,2026-01-08,Colombo,3,Accommodation,Guest House,35100,Online Transfer,Family,Peak,3.2,2026-01,11700.0
TRP_094,2026-01-08,Colombo,3,Food,Hotel Dining,61000,Cash,Family,Peak,4.2,2026-01,20333.33
TRP_094,2026-01-08,Colombo,3,Activities,Surfing,43800,Cash,Family,Peak,4.3,2026-01,14600.0
TRP_095,2026-01-15,Colombo,2,Shopping,Gifts,17300,Online Transfer,Couple,Peak,4.0,2026-01,8650.0
TRP_095,2026-01-15,Colombo,2,Activities,Safari,10400,Card,Couple,Peak,4.4,2026-01,5200.0
TRP_035,2026-01-15,Nuwara Eliya,2,Shopping,Local Products,11400,Card,Couple,Peak,4.3,2026-01,5700.0
TRP_095,2026-01-15,Colombo,2,Transport,Train,9800,Cash,Couple,Peak,4.3,2026-01,4900.0
TRP_095,2026-01-15,Colombo,2,Accommodation,Villa,35100,Cash,Couple,Peak,4.4,2026-01,17550.0
TRP_095,2026-01-15,Colombo,2,Food,Street Food,25800,Cash,Couple,Peak,3.6,2026-01,12900.0
TRP_035,2026-01-15,Nuwara Eliya,2,Transport,Fuel,12800,Card,Couple,Peak,4.8,2026-01,6400.0
TRP_035,2026-01-15,Nuwara Eliya,2,Accommodation,Hostel,48400,Cash,Couple,Peak,4.6,2026-01,24200.0
TRP_095,2026-01-15,Colombo,2,Miscellaneous,Tips,12000,Cash,Couple,Peak,4.3,2026-01,6000.0
TRP_035,2026-01-15,Nuwara Eliya,2,Activities,Guided Tour,12600,Cash,Couple,Peak,4.0,2026-01,6300.0
TRP_035,2026-01-15,Nuwara Eliya,2,Food,Street Food,11700,Card,Couple,Peak,4.5,2026-01,5850.0
TRP_079,2026-01-17,Ella,4,Food,Street Food,18500,Cash,Couple,Peak,4.3,2026-01,4625.0
TRP_079,2026-01-17,Ella,4,Activities,Guided Tour,42700,Cash,Couple,Peak,3.5,2026-01,10675.0
TRP_079,2026-01-17,Ella,4,Transport,Train,16000,Card,Couple,Peak,4.0,2026-01,4000.0
TRP_079,2026-01-17,Ella,4,Accommodation,Hotel,35750,Card,Couple,Peak,4.3,2026-01,8937.5
TRP_106,2026-01-18,Kandy,3,Shopping,Clothes,12000,Cash,Couple,Peak,4.0,2026-01,4000.0
TRP_134,2026-01-18,Galle,3,Accommodation,Villa,44900,Card,Couple,Peak,4.2,2026-01,14966.67
TRP_134,2026-01-18,Galle,3,Transport,Train,15800,Cash,Couple,Peak,3.8,2026-01,5266.67
TRP_134,2026-01-18,Galle,3,Activities,Guided Tour,20000,Cash,Couple,Peak,4.2,2026-01,6666.67
TRP_106,2026-01-18,Kandy,3,Accommodation,Hostel,30300,Card,Couple,Peak,4.3,2026-01,10100.0
TRP_106,2026-01-18,Kandy,3,Food,Restaurant,18800,Cash,Couple,Peak,4.4,2026-01,6266.67
TRP_106,2026-01-18,Kandy,3,Transport,Taxi,16900,Online Transfer,Couple,Peak,5.0,2026-01,5633.33
TRP_134,2026-01-18,Galle,3,Shopping,Gifts,11200,Cash,Couple,Peak,4.5,2026-01,3733.33
TRP_106,2026-01-18,Kandy,3,Miscellaneous,Laundry,13500,Cash,Couple,Peak,5.0,2026-01,4500.0
TRP_134,2026-01-18,Galle,3,Food,Restaurant,17700,Card,Couple,Peak,3.7,2026-01,5900.0
TRP_106,2026-01-18,Kandy,3,Activities,Museum,18400,Card,Couple,Peak,3.7,2026-01,6133.33
TRP_032,2026-01-24,Galle,3,Transport,Taxi,36100,Cash,Family,Peak,4.0,2026-01,12033.33
TRP_111,2026-01-24,Colombo,2,Activities,Guided Tour,20400,Cash,Family,Peak,3.3,2026-01,10200.0
TRP_111,2026-01-24,Colombo,2,Transport,Fuel,17500,Card,Family,Peak,4.1,2026-01,8750.0
TRP_111,2026-01-24,Colombo,2,Accommodation,Villa,35100,Cash,Family,Peak,3.3,2026-01,17550.0
TRP_032,2026-01-24,Galle,3,Miscellaneous,Tips,29900,Card,Family,Peak,4.6,2026-01,9966.67
TRP_032,2026-01-24,Galle,3,Activities,Tickets,37000,Card,Family,Peak,4.2,2026-01,12333.33
TRP_032,2026-01-24,Galle,3,Food,Restaurant,40100,Online Transfer,Family,Peak,4.9,2026-01,13366.67
TRP_032,2026-01-24,Galle,3,Accommodation,Hotel,44900,Card,Family,Peak,3.4,2026-01,14966.67
TRP_111,2026-01-24,Colombo,2,Food,Restaurant,43700,Cash,Family,Peak,3.5,2026-01,21850.0
TRP_053,2026-01-25,Sigiriya,3,Transport,Taxi,13300,Online Transfer,Couple,Peak,4.3,2026-01,4433.33
TRP_053,2026-01-25,Sigiriya,3,Food,Cafe,15800,Card,Couple,Peak,4.2,2026-01,5266.67
TRP_030,2026-01-25,Mirissa,5,Transport,Taxi,8900,Cash,Solo,Peak,4.3,2026-01,1780.0
TRP_030,2026-01-25,Mirissa,5,Shopping,Gifts,6100,Card,Solo,Peak,4.0,2026-01,1220.0
TRP_030,2026-01-25,Mirissa,5,Accommodation,Hostel,42700,Card,Solo,Peak,3.9,2026-01,8540.0
TRP_053,2026-01-25,Sigiriya,3,Activities,Tickets,27700,Cash,Couple,Peak,4.0,2026-01,9233.33
TRP_053,2026-01-25,Sigiriya,3,Accommodation,Hotel,64500,Card,Couple,Peak,3.3,2026-01,21500.0
TRP_030,2026-01-25,Mirissa,5,Activities,Tickets,37700,Cash,Solo,Peak,3.9,2026-01,7540.0
TRP_053,2026-01-25,Sigiriya,3,Miscellaneous,Tips,8900,Card,Couple,Peak,3.9,2026-01,2966.67
TRP_030,2026-01-25,Mirissa,5,Food,Cafe,27400,Card,Solo,Peak,4.0,2026-01,5480.0
TRP_137,2026-01-29,Colombo,3,Activities,Museum,13600,Online Transfer,Solo,Peak,4.1,2026-01,4533.33
TRP_137,2026-01-29,Colombo,3,Transport,Train,5700,Cash,Solo,Peak,5.0,2026-01,1900.0
TRP_137,2026-01-29,Colombo,3,Food,Hotel Dining,21000,Cash,Solo,Peak,4.3,2026-01,7000.0
TRP_137,2026-01-29,Colombo,3,Accommodation,Villa,61100,Cash,Solo,Peak,3.9,2026-01,20366.67
TRP_067,2026-02-13,Sigiriya,3,Activities,Tickets,28600,Cash,Couple,Peak,3.8,2026-02,9533.33
TRP_067,2026-02-13,Sigiriya,3,Transport,Fuel,19700,Cash,Couple,Peak,4.4,2026-02,6566.67
TRP_067,2026-02-13,Sigiriya,3,Shopping,Souvenirs,9400,Card,Couple,Peak,4.1,2026-02,3133.33
TRP_067,2026-02-13,Sigiriya,3,Food,Cafe,18000,Card,Couple,Peak,3.7,2026-02,6000.0
TRP_067,2026-02-13,Sigiriya,3,Miscellaneous,Laundry,11000,Online Transfer,Couple,Peak,3.9,2026-02,3666.67
TRP_067,2026-02-13,Sigiriya,3,Accommodation,Villa,57100,Cash,Couple,Peak,3.8,2026-02,19033.33
TRP_047,2026-02-15,Nuwara Eliya,4,Accommodation,Hotel,45000,Online Transfer,Solo,Peak,3.8,2026-02,11250.0
TRP_047,2026-02-15,Nuwara Eliya,4,Transport,Train,7400,Card,Solo,Peak,3.7,2026-02,1850.0
TRP_047,2026-02-15,Nuwara Eliya,4,Shopping,Souvenirs,6800,Cash,Solo,Peak,5.0,2026-02,1700.0
TRP_047,2026-02-15,Nuwara Eliya,4,Miscellaneous,Laundry,8100,Card,Solo,Peak,4.1,2026-02,2025.0
TRP_047,2026-02-15,Nuwara Eliya,4,Activities,Museum,17200,Card,Solo,Peak,4.4,2026-02,4300.0
TRP_047,2026-02-15,Nuwara Eliya,4,Food,Hotel Dining,13200,Online Transfer,Solo,Peak,4.2,2026-02,3300.0
TRP_102,2026-02-20,Mirissa,4,Transport,Bus,17000,Cash,Couple,Peak,4.6,2026-02,4250.0
TRP_102,2026-02-20,Mirissa,4,Shopping,Local Products,9500,Online Transfer,Couple,Peak,3.9,2026-02,2375.0
TRP_102,2026-02-20,Mirissa,4,Activities,Surfing,31800,Card,Couple,Peak,4.1,2026-02,7950.0
TRP_102,2026-02-20,Mirissa,4,Food,Cafe,26300,Cash,Couple,Peak,3.9,2026-02,6575.0
TRP_102,2026-02-20,Mirissa,4,Miscellaneous,Mobile Data,20400,Card,Couple,Peak,4.7,2026-02,5100.0
TRP_102,2026-02-20,Mirissa,4,Accommodation,Hostel,42700,Card,Couple,Peak,3.9,2026-02,10675.0
TRP_012,2026-02-21,Nuwara Eliya,2,Miscellaneous,Mobile Data,3700,Card,Solo,Peak,4.4,2026-02,1850.0
TRP_012,2026-02-21,Nuwara Eliya,2,Accommodation,Hostel,45000,Card,Solo,Peak,4.8,2026-02,22500.0
TRP_012,2026-02-21,Nuwara Eliya,2,Shopping,Souvenirs,5500,Cash,Solo,Peak,4.0,2026-02,2750.0
TRP_012,2026-02-21,Nuwara Eliya,2,Food,Restaurant,10600,Card,Solo,Peak,4.2,2026-02,5300.0
TRP_012,2026-02-21,Nuwara Eliya,2,Activities,Surfing,8300,Online Transfer,Solo,Peak,4.2,2026-02,4150.0
TRP_012,2026-02-21,Nuwara Eliya,2,Transport,Train,8400,Cash,Solo,Peak,3.4,2026-02,4200.0
TRP_127,2026-02-27,Arugam Bay,5,Activities,Safari,40600,Cash,Couple,Peak,4.4,2026-02,8120.0
TRP_127,2026-02-27,Arugam Bay,5,Transport,Taxi,21400,Cash,Couple,Peak,4.0,2026-02,4280.0
TRP_127,2026-02-27,Arugam Bay,5,Shopping,Gifts,5900,Card,Couple,Peak,4.8,2026-02,1180.0
TRP_127,2026-02-27,Arugam Bay,5,Miscellaneous,Tips,23600,Online Transfer,Couple,Peak,4.9,2026-02,4720.0
TRP_127,2026-02-27,Arugam Bay,5,Food,Restaurant,28800,Online Transfer,Couple,Peak,3.6,2026-02,5760.0
TRP_127,2026-02-27,Arugam Bay,5,Accommodation,Guest House,48100,Cash,Couple,Peak,4.9,2026-02,9620.0
TRP_050,2026-03-01,Ella,4,Activities,Surfing,25050,Cash,Family,Peak,3.5,2026-03,6262.5
TRP_050,2026-03-01,Ella,4,Transport,Fuel,36000,Card,Family,Peak,3.8,2026-03,9000.0
TRP_050,2026-03-01,Ella,4,Accommodation,Villa,35750,Card,Family,Peak,2.9,2026-03,8937.5
TRP_050,2026-03-01,Ella,4,Food,Hotel Dining,32100,Online Transfer,Family,Peak,4.6,2026-03,8025.0
TRP_050,2026-03-01,Ella,4,Shopping,Gifts,12200,Card,Family,Peak,4.2,2026-03,3050.0
TRP_058,2026-03-02,Galle,2,Transport,Taxi,7800,Online Transfer,Solo,Peak,3.9,2026-03,3900.0
TRP_058,2026-03-02,Galle,2,Food,Street Food,11000,Online Transfer,Solo,Peak,4.9,2026-03,5500.0
TRP_058,2026-03-02,Galle,2,Activities,Guided Tour,8100,Online Transfer,Solo,Peak,4.5,2026-03,4050.0
TRP_058,2026-03-02,Galle,2,Accommodation,Villa,23700,Card,Solo,Peak,4.4,2026-03,11850.0
TRP_002,2026-03-06,Mirissa,3,Shopping,Gifts,8900,Cash,Couple,Peak,3.9,2026-03,2966.67
TRP_002,2026-03-06,Mirissa,3,Activities,Surfing,35200,Cash,Couple,Peak,4.0,2026-03,11733.33
TRP_002,2026-03-06,Mirissa,3,Food,Street Food,20200,Cash,Couple,Peak,3.0,2026-03,6733.33
TRP_002,2026-03-06,Mirissa,3,Transport,Bus,15400,Online Transfer,Couple,Peak,4.6,2026-03,5133.33
TRP_002,2026-03-06,Mirissa,3,Accommodation,Guest House,62100,Card,Couple,Peak,3.7,2026-03,20700.0
TRP_122,2026-03-07,Arugam Bay,4,Food,Cafe,64800,Card,Family,Peak,4.1,2026-03,16200.0
TRP_122,2026-03-07,Arugam Bay,4,Activities,Museum,59700,Cash,Family,Peak,4.1,2026-03,14925.0
TRP_122,2026-03-07,Arugam Bay,4,Shopping,Clothes,14600,Card,Family,Peak,3.8,2026-03,3650.0
TRP_122,2026-03-07,Arugam Bay,4,Accommodation,Hostel,48100,Cash,Family,Peak,3.8,2026-03,12025.0
TRP_122,2026-03-07,Arugam Bay,4,Transport,Taxi,25800,Cash,Family,Peak,4.1,2026-03,6450.0
TRP_023,2026-03-23,Mirissa,2,Shopping,Souvenirs,9500,Card,Couple,Peak,3.4,2026-03,4750.0
TRP_023,2026-03-23,Mirissa,2,Miscellaneous,Laundry,10100,Card,Couple,Peak,4.4,2026-03,5050.0
TRP_023,2026-03-23,Mirissa,2,Accommodation,Hostel,56400,Cash,Couple,Peak,4.0,2026-03,28200.0
TRP_023,2026-03-23,Mirissa,2,Activities,Surfing,16200,Card,Couple,Peak,3.8,2026-03,8100.0
TRP_023,2026-03-23,Mirissa,2,Transport,Train,16200,Online Transfer,Couple,Peak,4.3,2026-03,8100.0
TRP_023,2026-03-23,Mirissa,2,Food,Cafe,13800,Cash,Couple,Peak,4.3,2026-03,6900.0
TRP_092,2026-03-27,Galle,3,Transport,Fuel,11800,Cash,Solo,Peak,4.4,2026-03,3933.33
TRP_092,2026-03-27,Galle,3,Accommodation,Villa,41000,Online Transfer,Solo,Peak,4.3,2026-03,13666.67
TRP_092,2026-03-27,Galle,3,Shopping,Clothes,8000,Card,Solo,Peak,4.7,2026-03,2666.67
TRP_092,2026-03-27,Galle,3,Activities,Museum,17800,Online Transfer,Solo,Peak,4.5,2026-03,5933.33
TRP_092,2026-03-27,Galle,3,Food,Street Food,15000,Online Transfer,Solo,Peak,4.3,2026-03,5000.0
TRP_084,2026-03-28,Arugam Bay,5,Transport,Bus,36700,Online Transfer,Family,Peak,4.3,2026-03,7340.0
TRP_084,2026-03-28,Arugam Bay,5,Miscellaneous,Laundry,49200,Card,Family,Peak,4.2,2026-03,9840.0
TRP_084,2026-03-28,Arugam Bay,5,Food,Cafe,58400,Online Transfer,Family,Peak,4.3,2026-03,11680.0
TRP_084,2026-03-28,Arugam Bay,5,Activities,Tickets,28500,Card,Family,Peak,4.2,2026-03,5700.0
TRP_084,2026-03-28,Arugam Bay,5,Accommodation,Hostel,48100,Online Transfer,Family,Peak,3.0,2026-03,9620.0
TRP_048,2026-03-29,Nuwara Eliya,2,Accommodation,Hostel,29200,Online Transfer,Solo,Peak,3.8,2026-03,14600.0
TRP_019,2026-03-29,Ella,5,Accommodation,Guest House,35750,Card,Couple,Peak,3.8,2026-03,7150.0
TRP_019,2026-03-29,Ella,5,Activities,Tickets,39800,Cash,Couple,Peak,3.8,2026-03,7960.0
TRP_019,2026-03-29,Ella,5,Shopping,Souvenirs,5000,Online Transfer,Couple,Peak,4.6,2026-03,1000.0
TRP_048,2026-03-29,Nuwara Eliya,2,Activities,Safari,8700,Cash,Solo,Peak,4.1,2026-03,4350.0
TRP_048,2026-03-29,Nuwara Eliya,2,Shopping,Souvenirs,5500,Card,Solo,Peak,4.2,2026-03,2750.0
TRP_048,2026-03-29,Nuwara Eliya,2,Food,Hotel Dining,6400,Cash,Solo,Peak,3.9,2026-03,3200.0
TRP_019,2026-03-29,Ella,5,Food,Street Food,34900,Card,Couple,Peak,5.0,2026-03,6980.0
TRP_019,2026-03-29,Ella,5,Transport,Bus,16000,Cash,Couple,Peak,4.2,2026-03,3200.0
TRP_048,2026-03-29,Nuwara Eliya,2,Transport,Tuk Tuk,7400,Card,Solo,Peak,3.6,2026-03,3700.0
TRP_062,2026-03-31,Galle,3,Accommodation,Villa,44900,Card,Family,Peak,4.1,2026-03,14966.67
TRP_062,2026-03-31,Galle,3,Miscellaneous,Emergency,27200,Cash,Family,Peak,4.6,2026-03,9066.67
TRP_062,2026-03-31,Galle,3,Transport,Taxi,25200,Cash,Family,Peak,4.0,2026-03,8400.0
TRP_062,2026-03-31,Galle,3,Food,Street Food,40100,Cash,Family,Peak,4.8,2026-03,13366.67
TRP_062,2026-03-31,Galle,3,Activities,Tickets,40500,Online Transfer,Family,Peak,4.6,2026-03,13500.0
TRP_096,2026-04-02,Ella,3,Transport,Fuel,26900,Cash,Family,Off-Peak,4.4,2026-04,8966.67
TRP_096,2026-04-02,Ella,3,Food,Cafe,28600,Online Transfer,Family,Off-Peak,4.3,2026-04,9533.33
TRP_096,2026-04-02,Ella,3,Accommodation,Hostel,35750,Cash,Family,Off-Peak,3.7,2026-04,11916.67
TRP_096,2026-04-02,Ella,3,Activities,Guided Tour,27800,Online Transfer,Family,Off-Peak,4.0,2026-04,9266.67
TRP_096,2026-04-02,Ella,3,Shopping,Local Products,6600,Card,Family,Off-Peak,4.1,2026-04,2200.0
TRP_078,2026-04-07,Arugam Bay,2,Accommodation,Hotel,53200,Card,Family,Off-Peak,4.0,2026-04,26600.0
TRP_078,2026-04-07,Arugam Bay,2,Transport,Fuel,18400,Online Transfer,Family,Off-Peak,3.5,2026-04,9200.0
TRP_078,2026-04-07,Arugam Bay,2,Food,Cafe,13700,Cash,Family,Off-Peak,4.5,2026-04,6850.0
TRP_078,2026-04-07,Arugam Bay,2,Activities,Museum,27800,Card,Family,Off-Peak,3.4,2026-04,13900.0
TRP_074,2026-04-17,Arugam Bay,4,Accommodation,Hostel,46500,Card,Solo,Off-Peak,4.2,2026-04,11625.0
TRP_074,2026-04-17,Arugam Bay,4,Miscellaneous,Tips,6600,Card,Solo,Off-Peak,4.2,2026-04,1650.0
TRP_074,2026-04-17,Arugam Bay,4,Activities,Safari,13800,Cash,Solo,Off-Peak,3.6,2026-04,3450.0
TRP_074,2026-04-17,Arugam Bay,4,Food,Hotel Dining,11200,Online Transfer,Solo,Off-Peak,5.0,2026-04,2800.0
TRP_074,2026-04-17,Arugam Bay,4,Transport,Taxi,6700,Cash,Solo,Off-Peak,4.5,2026-04,1675.0
TRP_077,2026-04-18,Kandy,3,Activities,Tickets,11200,Cash,Solo,Off-Peak,4.5,2026-04,3733.33
TRP_077,2026-04-18,Kandy,3,Miscellaneous,Emergency,5600,Card,Solo,Off-Peak,4.2,2026-04,1866.67
TRP_077,2026-04-18,Kandy,3,Shopping,Clothes,4200,Cash,Solo,Off-Peak,3.4,2026-04,1400.0
TRP_077,2026-04-18,Kandy,3,Food,Hotel Dining,6800,Card,Solo,Off-Peak,3.5,2026-04,2266.67
TRP_077,2026-04-18,Kandy,3,Transport,Tuk Tuk,5600,Online Transfer,Solo,Off-Peak,3.8,2026-04,1866.67
TRP_077,2026-04-18,Kandy,3,Accommodation,Hotel,28500,Card,Solo,Off-Peak,4.3,2026-04,9500.0
TRP_098,2026-04-24,Colombo,3,Transport,Fuel,6500,Online Transfer,Solo,Off-Peak,4.1,2026-04,2166.67
TRP_098,2026-04-24,Colombo,3,Accommodation,Hostel,53500,Online Transfer,Solo,Off-Peak,4.4,2026-04,17833.33
TRP_098,2026-04-24,Colombo,3,Miscellaneous,Laundry,6800,Card,Solo,Off-Peak,3.6,2026-04,2266.67
TRP_098,2026-04-24,Colombo,3,Food,Hotel Dining,11100,Card,Solo,Off-Peak,4.8,2026-04,3700.0
TRP_098,2026-04-24,Colombo,3,Activities,Tickets,10700,Cash,Solo,Off-Peak,3.7,2026-04,3566.67
TRP_109,2026-04-28,Mirissa,2,Shopping,Local Products,6900,Card,Couple,Off-Peak,4.1,2026-04,3450.0
TRP_109,2026-04-28,Mirissa,2,Food,Street Food,12400,Online Transfer,Couple,Off-Peak,4.4,2026-04,6200.0
TRP_109,2026-04-28,Mirissa,2,Accommodation,Hostel,39100,Card,Couple,Off-Peak,3.6,2026-04,19550.0
TRP_109,2026-04-28,Mirissa,2,Activities,Surfing,13000,Card,Couple,Off-Peak,4.3,2026-04,6500.0
TRP_109,2026-04-28,Mirissa,2,Transport,Fuel,15500,Online Transfer,Couple,Off-Peak,3.9,2026-04,7750.0
TRP_109,2026-04-28,Mirissa,2,Miscellaneous,Mobile Data,5900,Online Transfer,Couple,Off-Peak,4.1,2026-04,2950.0
TRP_015,2026-05-04,Kandy,4,Miscellaneous,Emergency,19800,Card,Family,Off-Peak,4.0,2026-05,4950.0
TRP_015,2026-05-04,Kandy,4,Transport,Bus,16000,Cash,Family,Off-Peak,3.6,2026-05,4000.0
TRP_015,2026-05-04,Kandy,4,Food,Restaurant,34100,Card,Family,Off-Peak,4.5,2026-05,8525.0
TRP_015,2026-05-04,Kandy,4,Shopping,Souvenirs,10800,Card,Family,Off-Peak,4.1,2026-05,2700.0
TRP_015,2026-05-04,Kandy,4,Accommodation,Hotel,30300,Online Transfer,Family,Off-Peak,4.3,2026-05,7575.0
TRP_015,2026-05-04,Kandy,4,Activities,Museum,47000,Cash,Family,Off-Peak,4.5,2026-05,11750.0
TRP_036,2026-05-11,Arugam Bay,5,Transport,Fuel,17300,Cash,Couple,Off-Peak,3.9,2026-05,3460.0
TRP_036,2026-05-11,Arugam Bay,5,Shopping,Gifts,6700,Cash,Couple,Off-Peak,3.3,2026-05,1340.0
TRP_036,2026-05-11,Arugam Bay,5,Food,Restaurant,32200,Cash,Couple,Off-Peak,4.0,2026-05,6440.0
TRP_036,2026-05-11,Arugam Bay,5,Activities,Guided Tour,29000,Card,Couple,Off-Peak,4.8,2026-05,5800.0
TRP_036,2026-05-11,Arugam Bay,5,Accommodation,Guest House,48100,Online Transfer,Couple,Off-Peak,4.4,2026-05,9620.0
TRP_036,2026-05-11,Arugam Bay,5,Miscellaneous,Emergency,20400,Online Transfer,Couple,Off-Peak,4.9,2026-05,4080.0
TRP_131,2026-05-18,Sigiriya,3,Miscellaneous,Emergency,3700,Cash,Solo,Off-Peak,3.8,2026-05,1233.33
TRP_131,2026-05-18,Sigiriya,3,Accommodation,Hostel,32700,Cash,Solo,Off-Peak,4.5,2026-05,10900.0
TRP_131,2026-05-18,Sigiriya,3,Transport,Train,6300,Online Transfer,Solo,Off-Peak,4.2,2026-05,2100.0
TRP_131,2026-05-18,Sigiriya,3,Activities,Tickets,18600,Card,Solo,Off-Peak,3.9,2026-05,6200.0
TRP_131,2026-05-18,Sigiriya,3,Food,Restaurant,8000,Card,Solo,Off-Peak,5.0,2026-05,2666.67
TRP_076,2026-05-21,Mirissa,5,Accommodation,Villa,42700,Online Transfer,Family,Off-Peak,4.6,2026-05,8540.0
TRP_076,2026-05-21,Mirissa,5,Activities,Surfing,25750,Card,Family,Off-Peak,4.3,2026-05,5150.0
TRP_076,2026-05-21,Mirissa,5,Transport,Train,18700,Card,Family,Off-Peak,4.1,2026-05,3740.0
TRP_076,2026-05-21,Mirissa,5,Miscellaneous,Tips,32100,Cash,Family,Off-Peak,4.0,2026-05,6420.0
TRP_076,2026-05-21,Mirissa,5,Food,Street Food,54600,Cash,Family,Off-Peak,4.6,2026-05,10920.0
TRP_104,2026-05-26,Nuwara Eliya,3,Shopping,Gifts,5800,Cash,Couple,Off-Peak,4.5,2026-05,1933.33
TRP_104,2026-05-26,Nuwara Eliya,3,Transport,Train,9400,Cash,Couple,Off-Peak,3.9,2026-05,3133.33
TRP_104,2026-05-26,Nuwara Eliya,3,Accommodation,Hostel,61300,Online Transfer,Couple,Off-Peak,3.9,2026-05,20433.33
TRP_104,2026-05-26,Nuwara Eliya,3,Activities,Guided Tour,18500,Card,Couple,Off-Peak,4.6,2026-05,6166.67
TRP_104,2026-05-26,Nuwara Eliya,3,Food,Cafe,11600,Card,Couple,Off-Peak,4.1,2026-05,3866.67
TRP_104,2026-05-26,Nuwara Eliya,3,Miscellaneous,Tips,7600,Online Transfer,Couple,Off-Peak,4.3,2026-05,2533.33
TRP_088,2026-05-27,Sigiriya,4,Food,Restaurant,13600,Card,Couple,Off-Peak,3.9,2026-05,3400.0
TRP_088,2026-05-27,Sigiriya,4,Shopping,Souvenirs,6500,Card,Couple,Off-Peak,4.0,2026-05,1625.0
TRP_088,2026-05-27,Sigiriya,4,Activities,Safari,43600,Card,Couple,Off-Peak,4.1,2026-05,10900.0
TRP_088,2026-05-27,Sigiriya,4,Miscellaneous,Laundry,12100,Cash,Couple,Off-Peak,3.7,2026-05,3025.0
TRP_088,2026-05-27,Sigiriya,4,Transport,Bus,13000,Card,Couple,Off-Peak,4.0,2026-05,3250.0
TRP_088,2026-05-27,Sigiriya,4,Accommodation,Guest House,50400,Cash,Couple,Off-Peak,3.7,2026-05,12600.0
TRP_045,2026-05-28,Arugam Bay,5,Activities,Tickets,46800,Online Transfer,Couple,Off-Peak,4.3,2026-05,9360.0
TRP_045,2026-05-28,Arugam Bay,5,Transport,Tuk Tuk,13100,Card,Couple,Off-Peak,4.8,2026-05,2620.0
TRP_045,2026-05-28,Arugam Bay,5,Food,Restaurant,20300,Cash,Couple,Off-Peak,3.4,2026-05,4060.0
TRP_045,2026-05-28,Arugam Bay,5,Accommodation,Villa,48100,Card,Couple,Off-Peak,4.3,2026-05,9620.0
TRP_045,2026-05-28,Arugam Bay,5,Shopping,Local Products,6700,Card,Couple,Off-Peak,3.2,2026-05,1340.0
TRP_118,2026-05-30,Galle,4,Transport,Bus,26300,Card,Family,Off-Peak,4.1,2026-05,6575.0
TRP_118,2026-05-30,Galle,4,Miscellaneous,Emergency,21800,Card,Family,Off-Peak,4.7,2026-05,5450.0
TRP_133,2026-05-30,Galle,4,Food,Cafe,23400,Cash,Couple,Off-Peak,3.9,2026-05,5850.0
TRP_133,2026-05-30,Galle,4,Accommodation,Hotel,44900,Online Transfer,Couple,Off-Peak,4.3,2026-05,11225.0
TRP_133,2026-05-30,Galle,4,Activities,Surfing,19800,Cash,Couple,Off-Peak,4.4,2026-05,4950.0
TRP_118,2026-05-30,Galle,4,Accommodation,Villa,44900,Cash,Family,Off-Peak,4.0,2026-05,11225.0
TRP_118,2026-05-30,Galle,4,Activities,Guided Tour,47700,Card,Family,Off-Peak,4.5,2026-05,11925.0
TRP_118,2026-05-30,Galle,4,Food,Cafe,54400,Cash,Family,Off-Peak,4.4,2026-05,13600.0
TRP_133,2026-05-30,Galle,4,Transport,Tuk Tuk,14200,Card,Couple,Off-Peak,4.3,2026-05,3550.0
TRP_118,2026-05-30,Galle,4,Shopping,Local Products,15700,Cash,Family,Off-Peak,4.4,2026-05,3925.0
TRP_065,2026-05-31,Kandy,2,Transport,Fuel,14700,Online Transfer,Family,Off-Peak,4.7,2026-05,7350.0
TRP_065,2026-05-31,Kandy,2,Activities,Guided Tour,15200,Card,Family,Off-Peak,3.9,2026-05,7600.0
TRP_065,2026-05-31,Kandy,2,Shopping,Gifts,12300,Card,Family,Off-Peak,4.6,2026-05,6150.0
TRP_065,2026-05-31,Kandy,2,Food,Restaurant,16000,Cash,Family,Off-Peak,4.4,2026-05,8000.0
TRP_065,2026-05-31,Kandy,2,Accommodation,Villa,55800,Card,Family,Off-Peak,5.0,2026-05,27900.0
TRP_089,2026-06-04,Nuwara Eliya,4,Accommodation,Hostel,45000,Online Transfer,Couple,Off-Peak,4.1,2026-06,11250.0
TRP_089,2026-06-04,Nuwara Eliya,4,Transport,Taxi,10000,Card,Couple,Off-Peak,5.0,2026-06,2500.0
TRP_089,2026-06-04,Nuwara Eliya,4,Shopping,Souvenirs,5300,Card,Couple,Off-Peak,4.0,2026-06,1325.0
TRP_089,2026-06-04,Nuwara Eliya,4,Miscellaneous,Laundry,9900,Cash,Couple,Off-Peak,4.5,2026-06,2475.0
TRP_089,2026-06-04,Nuwara Eliya,4,Activities,Surfing,24900,Cash,Couple,Off-Peak,4.6,2026-06,6225.0
TRP_089,2026-06-04,Nuwara Eliya,4,Food,Street Food,17800,Card,Couple,Off-Peak,4.0,2026-06,4450.0
TRP_085,2026-06-13,Kandy,2,Food,Restaurant,5000,Online Transfer,Solo,Off-Peak,3.9,2026-06,2500.0
TRP_085,2026-06-13,Kandy,2,Accommodation,Guest House,23100,Online Transfer,Solo,Off-Peak,4.8,2026-06,11550.0
TRP_085,2026-06-13,Kandy,2,Activities,Surfing,8400,Online Transfer,Solo,Off-Peak,4.3,2026-06,4200.0
TRP_085,2026-06-13,Kandy,2,Transport,Bus,6100,Online Transfer,Solo,Off-Peak,4.6,2026-06,3050.0
TRP_085,2026-06-13,Kandy,2,Miscellaneous,Emergency,3900,Cash,Solo,Off-Peak,3.4,2026-06,1950.0
TRP_099,2026-06-14,Nuwara Eliya,3,Food,Cafe,11600,Cash,Solo,Off-Peak,4.6,2026-06,3866.67
TRP_099,2026-06-14,Nuwara Eliya,3,Miscellaneous,Mobile Data,5000,Cash,Solo,Off-Peak,4.1,2026-06,1666.67
TRP_099,2026-06-14,Nuwara Eliya,3,Accommodation,Guest House,33300,Card,Solo,Off-Peak,4.9,2026-06,11100.0
TRP_099,2026-06-14,Nuwara Eliya,3,Activities,Museum,8500,Cash,Solo,Off-Peak,4.2,2026-06,2833.33
TRP_099,2026-06-14,Nuwara Eliya,3,Transport,Train,5800,Online Transfer,Solo,Off-Peak,4.1,2026-06,1933.33
TRP_027,2026-06-15,Ella,5,Accommodation,Hostel,36100,Cash,Solo,Off-Peak,3.9,2026-06,7220.0
TRP_027,2026-06-15,Ella,5,Shopping,Gifts,2800,Online Transfer,Solo,Off-Peak,3.6,2026-06,560.0
TRP_027,2026-06-15,Ella,5,Food,Hotel Dining,14100,Card,Solo,Off-Peak,3.6,2026-06,2820.0
TRP_027,2026-06-15,Ella,5,Activities,Guided Tour,15300,Card,Solo,Off-Peak,5.0,2026-06,3060.0
TRP_027,2026-06-15,Ella,5,Transport,Tuk Tuk,4800,Card,Solo,Off-Peak,4.1,2026-06,960.0
TRP_081,2026-06-24,Colombo,1,Activities,Safari,4900,Cash,Couple,Off-Peak,4.5,2026-06,4900.0
TRP_081,2026-06-24,Colombo,1,Accommodation,Villa,34100,Cash,Couple,Off-Peak,4.6,2026-06,34100.0
TRP_081,2026-06-24,Colombo,1,Shopping,Local Products,11800,Online Transfer,Couple,Off-Peak,4.6,2026-06,11800.0
TRP_082,2026-06-24,Nuwara Eliya,2,Miscellaneous,Tips,5600,Cash,Couple,Off-Peak,3.6,2026-06,2800.0
TRP_081,2026-06-24,Colombo,1,Food,Cafe,8100,Cash,Couple,Off-Peak,4.5,2026-06,8100.0
TRP_082,2026-06-24,Nuwara Eliya,2,Activities,Safari,14300,Card,Couple,Off-Peak,4.2,2026-06,7150.0
TRP_082,2026-06-24,Nuwara Eliya,2,Transport,Tuk Tuk,14900,Online Transfer,Couple,Off-Peak,4.7,2026-06,7450.0
TRP_082,2026-06-24,Nuwara Eliya,2,Food,Cafe,13400,Online Transfer,Couple,Off-Peak,4.1,2026-06,6700.0
TRP_081,2026-06-24,Colombo,1,Miscellaneous,Tips,3000,Card,Couple,Off-Peak,4.3,2026-06,3000.0
TRP_081,2026-06-24,Colombo,1,Transport,Fuel,10100,Cash,Couple,Off-Peak,4.0,2026-06,10100.0
TRP_082,2026-06-24,Nuwara Eliya,2,Accommodation,Hostel,49700,Cash,Couple,Off-Peak,4.4,2026-06,24850.0
TRP_009,2026-06-28,Mirissa,2,Activities,Tickets,18200,Cash,Couple,Off-Peak,3.5,2026-06,9100.0
TRP_009,2026-06-28,Mirissa,2,Shopping,Gifts,5900,Online Transfer,Couple,Off-Peak,4.1,2026-06,2950.0
TRP_009,2026-06-28,Mirissa,2,Miscellaneous,Mobile Data,5600,Cash,Couple,Off-Peak,4.0,2026-06,2800.0
TRP_009,2026-06-28,Mirissa,2,Food,Street Food,11000,Cash,Couple,Off-Peak,4.7,2026-06,5500.0
TRP_009,2026-06-28,Mirissa,2,Transport,Bus,15500,Online Transfer,Couple,Off-Peak,4.0,2026-06,7750.0
TRP_009,2026-06-28,Mirissa,2,Accommodation,Villa,26600,Online Transfer,Couple,Off-Peak,3.6,2026-06,13300.0
